icon,name
fas fa-address-book,address-book
fas fa-address-card,address-card
fas fa-adjust,adjust
fas fa-alarm-clock,alarm-clock
fas fa-align-center,align-center
fas fa-align-justify,align-justify
fas fa-align-left,align-left
fas fa-align-right,align-right
fas fa-allergies,allergies
fas fa-ambulance,ambulance
fas fa-american-sign-language-interpreting,american-sign-language-interpreting
fas fa-anchor,anchor
fas fa-angle-double-down,angle-double-down
fas fa-angle-double-left,angle-double-left
fas fa-angle-double-right,angle-double-right
fas fa-angle-double-up,angle-double-up
fas fa-angle-down,angle-down
fas fa-angle-left,angle-left
fas fa-angle-right,angle-right
fas fa-angle-up,angle-up
fas fa-archive,archive
fas fa-arrow-alt-circle-down,arrow-alt-circle-down
fas fa-arrow-alt-circle-left,arrow-alt-circle-left
fas fa-arrow-alt-circle-right,arrow-alt-circle-right
fas fa-arrow-alt-circle-up,arrow-alt-circle-up
fas fa-arrow-alt-down,arrow-alt-down
fas fa-arrow-alt-from-bottom,arrow-alt-from-bottom
fas fa-arrow-alt-from-left,arrow-alt-from-left
fas fa-arrow-alt-from-right,arrow-alt-from-right
fas fa-arrow-alt-from-top,arrow-alt-from-top
fas fa-arrow-alt-left,arrow-alt-left
fas fa-arrow-alt-right,arrow-alt-right
fas fa-arrow-alt-square-down,arrow-alt-square-down
fas fa-arrow-alt-square-left,arrow-alt-square-left
fas fa-arrow-alt-square-right,arrow-alt-square-right
fas fa-arrow-alt-square-up,arrow-alt-square-up
fas fa-arrow-alt-to-bottom,arrow-alt-to-bottom
fas fa-arrow-alt-to-left,arrow-alt-to-left
fas fa-arrow-alt-to-right,arrow-alt-to-right
fas fa-arrow-alt-to-top,arrow-alt-to-top
fas fa-arrow-alt-up,arrow-alt-up
fas fa-arrow-circle-down,arrow-circle-down
fas fa-arrow-circle-left,arrow-circle-left
fas fa-arrow-circle-right,arrow-circle-right
fas fa-arrow-circle-up,arrow-circle-up
fas fa-arrow-down,arrow-down
fas fa-arrow-from-bottom,arrow-from-bottom
fas fa-arrow-from-left,arrow-from-left
fas fa-arrow-from-right,arrow-from-right
fas fa-arrow-from-top,arrow-from-top
fas fa-arrow-left,arrow-left
fas fa-arrow-right,arrow-right
fas fa-arrow-square-down,arrow-square-down
fas fa-arrow-square-left,arrow-square-left
fas fa-arrow-square-right,arrow-square-right
fas fa-arrow-square-up,arrow-square-up
fas fa-arrow-to-bottom,arrow-to-bottom
fas fa-arrow-to-left,arrow-to-left
fas fa-arrow-to-right,arrow-to-right
fas fa-arrow-to-top,arrow-to-top
fas fa-arrow-up,arrow-up
fas fa-arrows,arrows
fas fa-arrows-alt,arrows-alt
fas fa-arrows-alt-h,arrows-alt-h
fas fa-arrows-alt-v,arrows-alt-v
fas fa-arrows-h,arrows-h
fas fa-arrows-v,arrows-v
fas fa-assistive-listening-systems,assistive-listening-systems
fas fa-asterisk,asterisk
fas fa-at,at
fas fa-audio-description,audio-description
fas fa-backward,backward
fas fa-badge,badge
fas fa-badge-check,badge-check
fas fa-balance-scale,balance-scale
fas fa-ban,ban
fas fa-band-aid,band-aid
fas fa-barcode,barcode
fas fa-barcode-alt,barcode-alt
fas fa-barcode-read,barcode-read
fas fa-barcode-scan,barcode-scan
fas fa-bars,bars
fas fa-baseball,baseball
fas fa-baseball-ball,baseball-ball
fas fa-basketball-ball,basketball-ball
fas fa-basketball-hoop,basketball-hoop
fas fa-bath,bath
fas fa-battery-bolt,battery-bolt
fas fa-battery-empty,battery-empty
fas fa-battery-full,battery-full
fas fa-battery-half,battery-half
fas fa-battery-quarter,battery-quarter
fas fa-battery-slash,battery-slash
fas fa-battery-three-quarters,battery-three-quarters
fas fa-bed,bed
fas fa-beer,beer
fas fa-bell,bell
fas fa-bell-slash,bell-slash
fas fa-bicycle,bicycle
fas fa-binoculars,binoculars
fas fa-birthday-cake,birthday-cake
fas fa-blanket,blanket
fas fa-blind,blind
fas fa-bold,bold
fas fa-bolt,bolt
fas fa-bomb,bomb
fas fa-book,book
fas fa-book-heart,book-heart
fas fa-bookmark,bookmark
fas fa-bowling-ball,bowling-ball
fas fa-bowling-pins,bowling-pins
fas fa-box,box
fas fa-box-alt,box-alt
fas fa-box-check,box-check
fas fa-box-fragile,box-fragile
fas fa-box-full,box-full
fas fa-box-heart,box-heart
fas fa-box-open,box-open
fas fa-box-up,box-up
fas fa-box-usd,box-usd
fas fa-boxes,boxes
fas fa-boxes-alt,boxes-alt
fas fa-boxing-glove,boxing-glove
fas fa-braille,braille
fas fa-briefcase,briefcase
fas fa-briefcase-medical,briefcase-medical
fas fa-browser,browser
fas fa-bug,bug
fas fa-building,building
fas fa-bullhorn,bullhorn
fas fa-bullseye,bullseye
fas fa-burn,burn
fas fa-bus,bus
fas fa-calculator,calculator
fas fa-calendar,calendar
fas fa-calendar-alt,calendar-alt
fas fa-calendar-check,calendar-check
fas fa-calendar-edit,calendar-edit
fas fa-calendar-exclamation,calendar-exclamation
fas fa-calendar-minus,calendar-minus
fas fa-calendar-plus,calendar-plus
fas fa-calendar-times,calendar-times
fas fa-camera,camera
fas fa-camera-alt,camera-alt
fas fa-camera-retro,camera-retro
fas fa-capsules,capsules
fas fa-car,car
fas fa-caret-circle-down,caret-circle-down
fas fa-caret-circle-left,caret-circle-left
fas fa-caret-circle-right,caret-circle-right
fas fa-caret-circle-up,caret-circle-up
fas fa-caret-down,caret-down
fas fa-caret-left,caret-left
fas fa-caret-right,caret-right
fas fa-caret-square-down,caret-square-down
fas fa-caret-square-left,caret-square-left
fas fa-caret-square-right,caret-square-right
fas fa-caret-square-up,caret-square-up
fas fa-caret-up,caret-up
fas fa-cart-arrow-down,cart-arrow-down
fas fa-cart-plus,cart-plus
fas fa-certificate,certificate
fas fa-chart-area,chart-area
fas fa-chart-bar,chart-bar
fas fa-chart-line,chart-line
fas fa-chart-pie,chart-pie
fas fa-check,check
fas fa-check-circle,check-circle
fas fa-check-square,check-square
fas fa-chess,chess
fas fa-chess-bishop,chess-bishop
fas fa-chess-bishop-alt,chess-bishop-alt
fas fa-chess-board,chess-board
fas fa-chess-clock,chess-clock
fas fa-chess-clock-alt,chess-clock-alt
fas fa-chess-king,chess-king
fas fa-chess-king-alt,chess-king-alt
fas fa-chess-knight,chess-knight
fas fa-chess-knight-alt,chess-knight-alt
fas fa-chess-pawn,chess-pawn
fas fa-chess-pawn-alt,chess-pawn-alt
fas fa-chess-queen,chess-queen
fas fa-chess-queen-alt,chess-queen-alt
fas fa-chess-rook,chess-rook
fas fa-chess-rook-alt,chess-rook-alt
fas fa-chevron-circle-down,chevron-circle-down
fas fa-chevron-circle-left,chevron-circle-left
fas fa-chevron-circle-right,chevron-circle-right
fas fa-chevron-circle-up,chevron-circle-up
fas fa-chevron-double-down,chevron-double-down
fas fa-chevron-double-left,chevron-double-left
fas fa-chevron-double-right,chevron-double-right
fas fa-chevron-double-up,chevron-double-up
fas fa-chevron-down,chevron-down
fas fa-chevron-left,chevron-left
fas fa-chevron-right,chevron-right
fas fa-chevron-square-down,chevron-square-down
fas fa-chevron-square-left,chevron-square-left
fas fa-chevron-square-right,chevron-square-right
fas fa-chevron-square-up,chevron-square-up
fas fa-chevron-up,chevron-up
fas fa-child,child
fas fa-circle,circle
fas fa-circle-notch,circle-notch
fas fa-clipboard,clipboard
fas fa-clipboard-check,clipboard-check
fas fa-clipboard-list,clipboard-list
fas fa-clock,clock
fas fa-clone,clone
fas fa-closed-captioning,closed-captioning
fas fa-cloud,cloud
fas fa-cloud-download,cloud-download
fas fa-cloud-download-alt,cloud-download-alt
fas fa-cloud-upload,cloud-upload
fas fa-cloud-upload-alt,cloud-upload-alt
fas fa-club,club
fas fa-code,code
fas fa-code-branch,code-branch
fas fa-code-commit,code-commit
fas fa-code-merge,code-merge
fas fa-coffee,coffee
fas fa-cog,cog
fas fa-cogs,cogs
fas fa-columns,columns
fas fa-comment,comment
fas fa-comment-alt,comment-alt
fas fa-comment-alt-check,comment-alt-check
fas fa-comment-alt-dots,comment-alt-dots
fas fa-comment-alt-edit,comment-alt-edit
fas fa-comment-alt-exclamation,comment-alt-exclamation
fas fa-comment-alt-lines,comment-alt-lines
fas fa-comment-alt-minus,comment-alt-minus
fas fa-comment-alt-plus,comment-alt-plus
fas fa-comment-alt-slash,comment-alt-slash
fas fa-comment-alt-smile,comment-alt-smile
fas fa-comment-alt-times,comment-alt-times
fas fa-comment-check,comment-check
fas fa-comment-dots,comment-dots
fas fa-comment-edit,comment-edit
fas fa-comment-exclamation,comment-exclamation
fas fa-comment-lines,comment-lines
fas fa-comment-minus,comment-minus
fas fa-comment-plus,comment-plus
fas fa-comment-slash,comment-slash
fas fa-comment-smile,comment-smile
fas fa-comment-times,comment-times
fas fa-comments,comments
fas fa-comments-alt,comments-alt
fas fa-compass,compass
fas fa-compress,compress
fas fa-compress-alt,compress-alt
fas fa-compress-wide,compress-wide
fas fa-container-storage,container-storage
fas fa-conveyor-belt,conveyor-belt
fas fa-conveyor-belt-alt,conveyor-belt-alt
fas fa-copy,copy
fas fa-copyright,copyright
fas fa-couch,couch
fas fa-credit-card,credit-card
fas fa-credit-card-blank,credit-card-blank
fas fa-credit-card-front,credit-card-front
fas fa-cricket,cricket
fas fa-crop,crop
fas fa-crosshairs,crosshairs
fas fa-cube,cube
fas fa-cubes,cubes
fas fa-curling,curling
fas fa-cut,cut
fas fa-database,database
fas fa-deaf,deaf
fas fa-desktop,desktop
fas fa-desktop-alt,desktop-alt
fas fa-diagnoses,diagnoses
fas fa-diamond,diamond
fas fa-dna,dna
fas fa-dollar-sign,dollar-sign
fas fa-dolly,dolly
fas fa-dolly-empty,dolly-empty
fas fa-dolly-flatbed,dolly-flatbed
fas fa-dolly-flatbed-alt,dolly-flatbed-alt
fas fa-dolly-flatbed-empty,dolly-flatbed-empty
fas fa-donate,donate
fas fa-dot-circle,dot-circle
fas fa-dove,dove
fas fa-download,download
fas fa-dumbbell,dumbbell
fas fa-edit,edit
fas fa-eject,eject
fas fa-ellipsis-h,ellipsis-h
fas fa-ellipsis-h-alt,ellipsis-h-alt
fas fa-ellipsis-v,ellipsis-v
fas fa-ellipsis-v-alt,ellipsis-v-alt
fas fa-envelope,envelope
fas fa-envelope-open,envelope-open
fas fa-envelope-square,envelope-square
fas fa-eraser,eraser
fas fa-euro-sign,euro-sign
fas fa-exchange,exchange
fas fa-exchange-alt,exchange-alt
fas fa-exclamation,exclamation
fas fa-exclamation-circle,exclamation-circle
fas fa-exclamation-square,exclamation-square
fas fa-exclamation-triangle,exclamation-triangle
fas fa-expand,expand
fas fa-expand-alt,expand-alt
fas fa-expand-arrows,expand-arrows
fas fa-expand-arrows-alt,expand-arrows-alt
fas fa-expand-wide,expand-wide
fas fa-external-link,external-link
fas fa-external-link-alt,external-link-alt
fas fa-external-link-square,external-link-square
fas fa-external-link-square-alt,external-link-square-alt
fas fa-eye,eye
fas fa-eye-dropper,eye-dropper
fas fa-eye-slash,eye-slash
fas fa-fast-backward,fast-backward
fas fa-fast-forward,fast-forward
fas fa-fax,fax
fas fa-female,female
fas fa-field-hockey,field-hockey
fas fa-fighter-jet,fighter-jet
fas fa-file,file
fas fa-file-alt,file-alt
fas fa-file-archive,file-archive
fas fa-file-audio,file-audio
fas fa-file-check,file-check
fas fa-file-code,file-code
fas fa-file-edit,file-edit
fas fa-file-excel,file-excel
fas fa-file-exclamation,file-exclamation
fas fa-file-image,file-image
fas fa-file-medical,file-medical
fas fa-file-medical-alt,file-medical-alt
fas fa-file-minus,file-minus
fas fa-file-pdf,file-pdf
fas fa-file-plus,file-plus
fas fa-file-powerpoint,file-powerpoint
fas fa-file-times,file-times
fas fa-file-video,file-video
fas fa-file-word,file-word
fas fa-film,film
fas fa-film-alt,film-alt
fas fa-filter,filter
fas fa-fire,fire
fas fa-fire-extinguisher,fire-extinguisher
fas fa-first-aid,first-aid
fas fa-flag,flag
fas fa-flag-checkered,flag-checkered
fas fa-flask,flask
fas fa-folder,folder
fas fa-folder-open,folder-open
fas fa-font,font
fas fa-football-ball,football-ball
fas fa-football-helmet,football-helmet
fas fa-forklift,forklift
fas fa-forward,forward
fas fa-fragile,fragile
fas fa-frown,frown
fas fa-futbol,futbol
fas fa-gamepad,gamepad
fas fa-gavel,gavel
fas fa-gem,gem
fas fa-genderless,genderless
fas fa-gift,gift
fas fa-glass-martini,glass-martini
fas fa-globe,globe
fas fa-golf-ball,golf-ball
fas fa-golf-club,golf-club
fas fa-graduation-cap,graduation-cap
fas fa-h-square,h-square
fas fa-h1,h1
fas fa-h2,h2
fas fa-h3,h3
fas fa-hand-heart,hand-heart
fas fa-hand-holding,hand-holding
fas fa-hand-holding-box,hand-holding-box
fas fa-hand-holding-heart,hand-holding-heart
fas fa-hand-holding-seedling,hand-holding-seedling
fas fa-hand-holding-usd,hand-holding-usd
fas fa-hand-holding-water,hand-holding-water
fas fa-hand-lizard,hand-lizard
fas fa-hand-paper,hand-paper
fas fa-hand-peace,hand-peace
fas fa-hand-point-down,hand-point-down
fas fa-hand-point-left,hand-point-left
fas fa-hand-point-right,hand-point-right
fas fa-hand-point-up,hand-point-up
fas fa-hand-pointer,hand-pointer
fas fa-hand-receiving,hand-receiving
fas fa-hand-rock,hand-rock
fas fa-hand-scissors,hand-scissors
fas fa-hand-spock,hand-spock
fas fa-hands,hands
fas fa-hands-heart,hands-heart
fas fa-hands-helping,hands-helping
fas fa-hands-usd,hands-usd
fas fa-handshake,handshake
fas fa-handshake-alt,handshake-alt
fas fa-hashtag,hashtag
fas fa-hdd,hdd
fas fa-heading,heading
fas fa-headphones,headphones
fas fa-heart,heart
fas fa-heart-circle,heart-circle
fas fa-heart-square,heart-square
fas fa-heartbeat,heartbeat
fas fa-hexagon,hexagon
fas fa-history,history
fas fa-hockey-puck,hockey-puck
fas fa-hockey-sticks,hockey-sticks
fas fa-home,home
fas fa-home-heart,home-heart
fas fa-hospital,hospital
fas fa-hospital-alt,hospital-alt
fas fa-hospital-symbol,hospital-symbol
fas fa-hourglass,hourglass
fas fa-hourglass-end,hourglass-end
fas fa-hourglass-half,hourglass-half
fas fa-hourglass-start,hourglass-start
fas fa-i-cursor,i-cursor
fas fa-id-badge,id-badge
fas fa-id-card,id-card
fas fa-id-card-alt,id-card-alt
fas fa-image,image
fas fa-images,images
fas fa-inbox,inbox
fas fa-inbox-in,inbox-in
fas fa-inbox-out,inbox-out
fas fa-indent,indent
fas fa-industry,industry
fas fa-industry-alt,industry-alt
fas fa-info,info
fas fa-info-circle,info-circle
fas fa-info-square,info-square
fas fa-inventory,inventory
fas fa-italic,italic
fas fa-jack-o-lantern,jack-o-lantern
fas fa-key,key
fas fa-keyboard,keyboard
fas fa-lamp,lamp
fas fa-language,language
fas fa-laptop,laptop
fas fa-leaf,leaf
fas fa-leaf-heart,leaf-heart
fas fa-lemon,lemon
fas fa-level-down,level-down
fas fa-level-down-alt,level-down-alt
fas fa-level-up,level-up
fas fa-level-up-alt,level-up-alt
fas fa-life-ring,life-ring
fas fa-lightbulb,lightbulb
fas fa-link,link
fas fa-lira-sign,lira-sign
fas fa-list,list
fas fa-list-alt,list-alt
fas fa-list-ol,list-ol
fas fa-list-ul,list-ul
fas fa-location-arrow,location-arrow
fas fa-lock,lock
fas fa-lock-alt,lock-alt
fas fa-lock-open,lock-open
fas fa-lock-open-alt,lock-open-alt
fas fa-long-arrow-alt-down,long-arrow-alt-down
fas fa-long-arrow-alt-left,long-arrow-alt-left
fas fa-long-arrow-alt-right,long-arrow-alt-right
fas fa-long-arrow-alt-up,long-arrow-alt-up
fas fa-long-arrow-down,long-arrow-down
fas fa-long-arrow-left,long-arrow-left
fas fa-long-arrow-right,long-arrow-right
fas fa-long-arrow-up,long-arrow-up
fas fa-loveseat,loveseat
fas fa-low-vision,low-vision
fas fa-luchador,luchador
fas fa-magic,magic
fas fa-magnet,magnet
fas fa-male,male
fas fa-map,map
fas fa-map-marker,map-marker
fas fa-map-marker-alt,map-marker-alt
fas fa-map-pin,map-pin
fas fa-map-signs,map-signs
fas fa-mars,mars
fas fa-mars-double,mars-double
fas fa-mars-stroke,mars-stroke
fas fa-mars-stroke-h,mars-stroke-h
fas fa-mars-stroke-v,mars-stroke-v
fas fa-medkit,medkit
fas fa-meh,meh
fas fa-mercury,mercury
fas fa-microchip,microchip
fas fa-microphone,microphone
fas fa-microphone-alt,microphone-alt
fas fa-microphone-slash,microphone-slash
fas fa-minus,minus
fas fa-minus-circle,minus-circle
fas fa-minus-hexagon,minus-hexagon
fas fa-minus-octagon,minus-octagon
fas fa-minus-square,minus-square
fas fa-mobile,mobile
fas fa-mobile-alt,mobile-alt
fas fa-mobile-android,mobile-android
fas fa-mobile-android-alt,mobile-android-alt
fas fa-money-bill,money-bill
fas fa-money-bill-alt,money-bill-alt
fas fa-moon,moon
fas fa-motorcycle,motorcycle
fas fa-mouse-pointer,mouse-pointer
fas fa-music,music
fas fa-neuter,neuter
fas fa-newspaper,newspaper
fas fa-notes-medical,notes-medical
fas fa-object-group,object-group
fas fa-object-ungroup,object-ungroup
fas fa-octagon,octagon
fas fa-outdent,outdent
fas fa-paint-brush,paint-brush
fas fa-pallet,pallet
fas fa-pallet-alt,pallet-alt
fas fa-paper-plane,paper-plane
fas fa-paperclip,paperclip
fas fa-parachute-box,parachute-box
fas fa-paragraph,paragraph
fas fa-paste,paste
fas fa-pause,pause
fas fa-pause-circle,pause-circle
fas fa-paw,paw
fas fa-pen,pen
fas fa-pen-alt,pen-alt
fas fa-pen-square,pen-square
fas fa-pencil,pencil
fas fa-pencil-alt,pencil-alt
fas fa-pennant,pennant
fas fa-people-carry,people-carry
fas fa-percent,percent
fas fa-person-carry,person-carry
fas fa-person-dolly,person-dolly
fas fa-person-dolly-empty,person-dolly-empty
fas fa-phone,phone
fas fa-phone-plus,phone-plus
fas fa-phone-slash,phone-slash
fas fa-phone-square,phone-square
fas fa-phone-volume,phone-volume
fas fa-piggy-bank,piggy-bank
fas fa-pills,pills
fas fa-plane,plane
fas fa-plane-alt,plane-alt
fas fa-play,play
fas fa-play-circle,play-circle
fas fa-plug,plug
fas fa-plus,plus
fas fa-plus-circle,plus-circle
fas fa-plus-hexagon,plus-hexagon
fas fa-plus-octagon,plus-octagon
fas fa-plus-square,plus-square
fas fa-podcast,podcast
fas fa-poo,poo
fas fa-portrait,portrait
fas fa-pound-sign,pound-sign
fas fa-power-off,power-off
fas fa-prescription-bottle,prescription-bottle
fas fa-prescription-bottle-alt,prescription-bottle-alt
fas fa-print,print
fas fa-procedures,procedures
fas fa-puzzle-piece,puzzle-piece
fas fa-qrcode,qrcode
fas fa-question,question
fas fa-question-circle,question-circle
fas fa-question-square,question-square
fas fa-quidditch,quidditch
fas fa-quote-left,quote-left
fas fa-quote-right,quote-right
fas fa-racquet,racquet
fas fa-ramp-loading,ramp-loading
fas fa-random,random
fas fa-rectangle-landscape,rectangle-landscape
fas fa-rectangle-portrait,rectangle-portrait
fas fa-rectangle-wide,rectangle-wide
fas fa-recycle,recycle
fas fa-redo,redo
fas fa-redo-alt,redo-alt
fas fa-registered,registered
fas fa-repeat,repeat
fas fa-repeat-1,repeat-1
fas fa-repeat-1-alt,repeat-1-alt
fas fa-repeat-alt,repeat-alt
fas fa-reply,reply
fas fa-reply-all,reply-all
fas fa-retweet,retweet
fas fa-retweet-alt,retweet-alt
fas fa-ribbon,ribbon
fas fa-road,road
fas fa-rocket,rocket
fas fa-route,route
fas fa-rss,rss
fas fa-rss-square,rss-square
fas fa-ruble-sign,ruble-sign
fas fa-rupee-sign,rupee-sign
fas fa-save,save
fas fa-scanner,scanner
fas fa-scanner-keyboard,scanner-keyboard
fas fa-scanner-touchscreen,scanner-touchscreen
fas fa-scrubber,scrubber
fas fa-search,search
fas fa-search-minus,search-minus
fas fa-search-plus,search-plus
fas fa-seedling,seedling
fas fa-server,server
fas fa-share,share
fas fa-share-all,share-all
fas fa-share-alt,share-alt
fas fa-share-alt-square,share-alt-square
fas fa-share-square,share-square
fas fa-shekel-sign,shekel-sign
fas fa-shield,shield
fas fa-shield-alt,shield-alt
fas fa-shield-check,shield-check
fas fa-ship,ship
fas fa-shipping-fast,shipping-fast
fas fa-shipping-timed,shipping-timed
fas fa-shopping-bag,shopping-bag
fas fa-shopping-basket,shopping-basket
fas fa-shopping-cart,shopping-cart
fas fa-shower,shower
fas fa-shuttlecock,shuttlecock
fas fa-sign,sign
fas fa-sign-in,sign-in
fas fa-sign-in-alt,sign-in-alt
fas fa-sign-language,sign-language
fas fa-sign-out,sign-out
fas fa-sign-out-alt,sign-out-alt
fas fa-signal,signal
fas fa-sitemap,sitemap
fas fa-sliders-h,sliders-h
fas fa-sliders-h-square,sliders-h-square
fas fa-sliders-v,sliders-v
fas fa-sliders-v-square,sliders-v-square
fas fa-smile,smile
fas fa-smile-plus,smile-plus
fas fa-smoking,smoking
fas fa-snowflake,snowflake
fas fa-sort,sort
fas fa-sort-alpha-down,sort-alpha-down
fas fa-sort-alpha-up,sort-alpha-up
fas fa-sort-amount-down,sort-amount-down
fas fa-sort-amount-up,sort-amount-up
fas fa-sort-down,sort-down
fas fa-sort-numeric-down,sort-numeric-down
fas fa-sort-numeric-up,sort-numeric-up
fas fa-sort-up,sort-up
fas fa-space-shuttle,space-shuttle
fas fa-spade,spade
fas fa-spinner,spinner
fas fa-spinner-third,spinner-third
fas fa-square,square
fas fa-square-full,square-full
fas fa-star,star
fas fa-star-exclamation,star-exclamation
fas fa-star-half,star-half
fas fa-step-backward,step-backward
fas fa-step-forward,step-forward
fas fa-stethoscope,stethoscope
fas fa-sticky-note,sticky-note
fas fa-stop,stop
fas fa-stop-circle,stop-circle
fas fa-stopwatch,stopwatch
fas fa-street-view,street-view
fas fa-strikethrough,strikethrough
fas fa-subscript,subscript
fas fa-subway,subway
fas fa-suitcase,suitcase
fas fa-sun,sun
fas fa-superscript,superscript
fas fa-sync,sync
fas fa-sync-alt,sync-alt
fas fa-syringe,syringe
fas fa-table,table
fas fa-table-tennis,table-tennis
fas fa-tablet,tablet
fas fa-tablet-alt,tablet-alt
fas fa-tablet-android,tablet-android
fas fa-tablet-android-alt,tablet-android-alt
fas fa-tablet-rugged,tablet-rugged
fas fa-tablets,tablets
fas fa-tachometer,tachometer
fas fa-tachometer-alt,tachometer-alt
fas fa-tag,tag
fas fa-tags,tags
fas fa-tape,tape
fas fa-tasks,tasks
fas fa-taxi,taxi
fas fa-tennis-ball,tennis-ball
fas fa-terminal,terminal
fas fa-text-height,text-height
fas fa-text-width,text-width
fas fa-th,th
fas fa-th-large,th-large
fas fa-th-list,th-list
fas fa-thermometer,thermometer
fas fa-thermometer-empty,thermometer-empty
fas fa-thermometer-full,thermometer-full
fas fa-thermometer-half,thermometer-half
fas fa-thermometer-quarter,thermometer-quarter
fas fa-thermometer-three-quarters,thermometer-three-quarters
fas fa-thumbs-down,thumbs-down
fas fa-thumbs-up,thumbs-up
fas fa-thumbtack,thumbtack
fas fa-ticket,ticket
fas fa-ticket-alt,ticket-alt
fas fa-times,times
fas fa-times-circle,times-circle
fas fa-times-hexagon,times-hexagon
fas fa-times-octagon,times-octagon
fas fa-times-square,times-square
fas fa-tint,tint
fas fa-toggle-off,toggle-off
fas fa-toggle-on,toggle-on
fas fa-trademark,trademark
fas fa-train,train
fas fa-transgender,transgender
fas fa-transgender-alt,transgender-alt
fas fa-trash,trash
fas fa-trash-alt,trash-alt
fas fa-tree,tree
fas fa-tree-alt,tree-alt
fas fa-triangle,triangle
fas fa-trophy,trophy
fas fa-trophy-alt,trophy-alt
fas fa-truck,truck
fas fa-truck-container,truck-container
fas fa-truck-couch,truck-couch
fas fa-truck-loading,truck-loading
fas fa-truck-moving,truck-moving
fas fa-truck-ramp,truck-ramp
fas fa-tty,tty
fas fa-tv,tv
fas fa-tv-retro,tv-retro
fas fa-umbrella,umbrella
fas fa-underline,underline
fas fa-undo,undo
fas fa-undo-alt,undo-alt
fas fa-universal-access,universal-access
fas fa-university,university
fas fa-unlink,unlink
fas fa-unlock,unlock
fas fa-unlock-alt,unlock-alt
fas fa-upload,upload
fas fa-usd-circle,usd-circle
fas fa-usd-square,usd-square
fas fa-user,user
fas fa-user-alt,user-alt
fas fa-user-circle,user-circle
fas fa-user-md,user-md
fas fa-user-plus,user-plus
fas fa-user-secret,user-secret
fas fa-user-times,user-times
fas fa-users,users
fas fa-utensil-fork,utensil-fork
fas fa-utensil-knife,utensil-knife
fas fa-utensil-spoon,utensil-spoon
fas fa-utensils,utensils
fas fa-utensils-alt,utensils-alt
fas fa-venus,venus
fas fa-venus-double,venus-double
fas fa-venus-mars,venus-mars
fas fa-vial,vial
fas fa-vials,vials
fas fa-video,video
fas fa-video-plus,video-plus
fas fa-video-slash,video-slash
fas fa-volleyball-ball,volleyball-ball
fas fa-volume-down,volume-down
fas fa-volume-mute,volume-mute
fas fa-volume-off,volume-off
fas fa-volume-up,volume-up
fas fa-warehouse,warehouse
fas fa-warehouse-alt,warehouse-alt
fas fa-watch,watch
fas fa-weight,weight
fas fa-wheelchair,wheelchair
fas fa-whistle,whistle
fas fa-wifi,wifi
fas fa-window,window
fas fa-window-alt,window-alt
fas fa-window-close,window-close
fas fa-window-maximize,window-maximize
fas fa-window-minimize,window-minimize
fas fa-window-restore,window-restore
fas fa-wine-glass,wine-glass
fas fa-won-sign,won-sign
fas fa-wrench,wrench
fas fa-x-ray,x-ray
fas fa-yen-sign,yen-sign
far fa-address-book,address-book
far fa-address-card,address-card
far fa-adjust,adjust
far fa-alarm-clock,alarm-clock
far fa-align-center,align-center
far fa-align-justify,align-justify
far fa-align-left,align-left
far fa-align-right,align-right
far fa-allergies,allergies
far fa-ambulance,ambulance
far fa-american-sign-language-interpreting,american-sign-language-interpreting
far fa-anchor,anchor
far fa-angle-double-down,angle-double-down
far fa-angle-double-left,angle-double-left
far fa-angle-double-right,angle-double-right
far fa-angle-double-up,angle-double-up
far fa-angle-down,angle-down
far fa-angle-left,angle-left
far fa-angle-right,angle-right
far fa-angle-up,angle-up
far fa-archive,archive
far fa-arrow-alt-circle-down,arrow-alt-circle-down
far fa-arrow-alt-circle-left,arrow-alt-circle-left
far fa-arrow-alt-circle-right,arrow-alt-circle-right
far fa-arrow-alt-circle-up,arrow-alt-circle-up
far fa-arrow-alt-down,arrow-alt-down
far fa-arrow-alt-from-bottom,arrow-alt-from-bottom
far fa-arrow-alt-from-left,arrow-alt-from-left
far fa-arrow-alt-from-right,arrow-alt-from-right
far fa-arrow-alt-from-top,arrow-alt-from-top
far fa-arrow-alt-left,arrow-alt-left
far fa-arrow-alt-right,arrow-alt-right
far fa-arrow-alt-square-down,arrow-alt-square-down
far fa-arrow-alt-square-left,arrow-alt-square-left
far fa-arrow-alt-square-right,arrow-alt-square-right
far fa-arrow-alt-square-up,arrow-alt-square-up
far fa-arrow-alt-to-bottom,arrow-alt-to-bottom
far fa-arrow-alt-to-left,arrow-alt-to-left
far fa-arrow-alt-to-right,arrow-alt-to-right
far fa-arrow-alt-to-top,arrow-alt-to-top
far fa-arrow-alt-up,arrow-alt-up
far fa-arrow-circle-down,arrow-circle-down
far fa-arrow-circle-left,arrow-circle-left
far fa-arrow-circle-right,arrow-circle-right
far fa-arrow-circle-up,arrow-circle-up
far fa-arrow-down,arrow-down
far fa-arrow-from-bottom,arrow-from-bottom
far fa-arrow-from-left,arrow-from-left
far fa-arrow-from-right,arrow-from-right
far fa-arrow-from-top,arrow-from-top
far fa-arrow-left,arrow-left
far fa-arrow-right,arrow-right
far fa-arrow-square-down,arrow-square-down
far fa-arrow-square-left,arrow-square-left
far fa-arrow-square-right,arrow-square-right
far fa-arrow-square-up,arrow-square-up
far fa-arrow-to-bottom,arrow-to-bottom
far fa-arrow-to-left,arrow-to-left
far fa-arrow-to-right,arrow-to-right
far fa-arrow-to-top,arrow-to-top
far fa-arrow-up,arrow-up
far fa-arrows,arrows
far fa-arrows-alt,arrows-alt
far fa-arrows-alt-h,arrows-alt-h
far fa-arrows-alt-v,arrows-alt-v
far fa-arrows-h,arrows-h
far fa-arrows-v,arrows-v
far fa-assistive-listening-systems,assistive-listening-systems
far fa-asterisk,asterisk
far fa-at,at
far fa-audio-description,audio-description
far fa-backward,backward
far fa-badge,badge
far fa-badge-check,badge-check
far fa-balance-scale,balance-scale
far fa-ban,ban
far fa-band-aid,band-aid
far fa-barcode,barcode
far fa-barcode-alt,barcode-alt
far fa-barcode-read,barcode-read
far fa-barcode-scan,barcode-scan
far fa-bars,bars
far fa-baseball,baseball
far fa-baseball-ball,baseball-ball
far fa-basketball-ball,basketball-ball
far fa-basketball-hoop,basketball-hoop
far fa-bath,bath
far fa-battery-bolt,battery-bolt
far fa-battery-empty,battery-empty
far fa-battery-full,battery-full
far fa-battery-half,battery-half
far fa-battery-quarter,battery-quarter
far fa-battery-slash,battery-slash
far fa-battery-three-quarters,battery-three-quarters
far fa-bed,bed
far fa-beer,beer
far fa-bell,bell
far fa-bell-slash,bell-slash
far fa-bicycle,bicycle
far fa-binoculars,binoculars
far fa-birthday-cake,birthday-cake
far fa-blanket,blanket
far fa-blind,blind
far fa-bold,bold
far fa-bolt,bolt
far fa-bomb,bomb
far fa-book,book
far fa-book-heart,book-heart
far fa-bookmark,bookmark
far fa-bowling-ball,bowling-ball
far fa-bowling-pins,bowling-pins
far fa-box,box
far fa-box-alt,box-alt
far fa-box-check,box-check
far fa-box-fragile,box-fragile
far fa-box-full,box-full
far fa-box-heart,box-heart
far fa-box-open,box-open
far fa-box-up,box-up
far fa-box-usd,box-usd
far fa-boxes,boxes
far fa-boxes-alt,boxes-alt
far fa-boxing-glove,boxing-glove
far fa-braille,braille
far fa-briefcase,briefcase
far fa-briefcase-medical,briefcase-medical
far fa-browser,browser
far fa-bug,bug
far fa-building,building
far fa-bullhorn,bullhorn
far fa-bullseye,bullseye
far fa-burn,burn
far fa-bus,bus
far fa-calculator,calculator
far fa-calendar,calendar
far fa-calendar-alt,calendar-alt
far fa-calendar-check,calendar-check
far fa-calendar-edit,calendar-edit
far fa-calendar-exclamation,calendar-exclamation
far fa-calendar-minus,calendar-minus
far fa-calendar-plus,calendar-plus
far fa-calendar-times,calendar-times
far fa-camera,camera
far fa-camera-alt,camera-alt
far fa-camera-retro,camera-retro
far fa-capsules,capsules
far fa-car,car
far fa-caret-circle-down,caret-circle-down
far fa-caret-circle-left,caret-circle-left
far fa-caret-circle-right,caret-circle-right
far fa-caret-circle-up,caret-circle-up
far fa-caret-down,caret-down
far fa-caret-left,caret-left
far fa-caret-right,caret-right
far fa-caret-square-down,caret-square-down
far fa-caret-square-left,caret-square-left
far fa-caret-square-right,caret-square-right
far fa-caret-square-up,caret-square-up
far fa-caret-up,caret-up
far fa-cart-arrow-down,cart-arrow-down
far fa-cart-plus,cart-plus
far fa-certificate,certificate
far fa-chart-area,chart-area
far fa-chart-bar,chart-bar
far fa-chart-line,chart-line
far fa-chart-pie,chart-pie
far fa-check,check
far fa-check-circle,check-circle
far fa-check-square,check-square
far fa-chess,chess
far fa-chess-bishop,chess-bishop
far fa-chess-bishop-alt,chess-bishop-alt
far fa-chess-board,chess-board
far fa-chess-clock,chess-clock
far fa-chess-clock-alt,chess-clock-alt
far fa-chess-king,chess-king
far fa-chess-king-alt,chess-king-alt
far fa-chess-knight,chess-knight
far fa-chess-knight-alt,chess-knight-alt
far fa-chess-pawn,chess-pawn
far fa-chess-pawn-alt,chess-pawn-alt
far fa-chess-queen,chess-queen
far fa-chess-queen-alt,chess-queen-alt
far fa-chess-rook,chess-rook
far fa-chess-rook-alt,chess-rook-alt
far fa-chevron-circle-down,chevron-circle-down
far fa-chevron-circle-left,chevron-circle-left
far fa-chevron-circle-right,chevron-circle-right
far fa-chevron-circle-up,chevron-circle-up
far fa-chevron-double-down,chevron-double-down
far fa-chevron-double-left,chevron-double-left
far fa-chevron-double-right,chevron-double-right
far fa-chevron-double-up,chevron-double-up
far fa-chevron-down,chevron-down
far fa-chevron-left,chevron-left
far fa-chevron-right,chevron-right
far fa-chevron-square-down,chevron-square-down
far fa-chevron-square-left,chevron-square-left
far fa-chevron-square-right,chevron-square-right
far fa-chevron-square-up,chevron-square-up
far fa-chevron-up,chevron-up
far fa-child,child
far fa-circle,circle
far fa-circle-notch,circle-notch
far fa-clipboard,clipboard
far fa-clipboard-check,clipboard-check
far fa-clipboard-list,clipboard-list
far fa-clock,clock
far fa-clone,clone
far fa-closed-captioning,closed-captioning
far fa-cloud,cloud
far fa-cloud-download,cloud-download
far fa-cloud-download-alt,cloud-download-alt
far fa-cloud-upload,cloud-upload
far fa-cloud-upload-alt,cloud-upload-alt
far fa-club,club
far fa-code,code
far fa-code-branch,code-branch
far fa-code-commit,code-commit
far fa-code-merge,code-merge
far fa-coffee,coffee
far fa-cog,cog
far fa-cogs,cogs
far fa-columns,columns
far fa-comment,comment
far fa-comment-alt,comment-alt
far fa-comment-alt-check,comment-alt-check
far fa-comment-alt-dots,comment-alt-dots
far fa-comment-alt-edit,comment-alt-edit
far fa-comment-alt-exclamation,comment-alt-exclamation
far fa-comment-alt-lines,comment-alt-lines
far fa-comment-alt-minus,comment-alt-minus
far fa-comment-alt-plus,comment-alt-plus
far fa-comment-alt-slash,comment-alt-slash
far fa-comment-alt-smile,comment-alt-smile
far fa-comment-alt-times,comment-alt-times
far fa-comment-check,comment-check
far fa-comment-dots,comment-dots
far fa-comment-edit,comment-edit
far fa-comment-exclamation,comment-exclamation
far fa-comment-lines,comment-lines
far fa-comment-minus,comment-minus
far fa-comment-plus,comment-plus
far fa-comment-slash,comment-slash
far fa-comment-smile,comment-smile
far fa-comment-times,comment-times
far fa-comments,comments
far fa-comments-alt,comments-alt
far fa-compass,compass
far fa-compress,compress
far fa-compress-alt,compress-alt
far fa-compress-wide,compress-wide
far fa-container-storage,container-storage
far fa-conveyor-belt,conveyor-belt
far fa-conveyor-belt-alt,conveyor-belt-alt
far fa-copy,copy
far fa-copyright,copyright
far fa-couch,couch
far fa-credit-card,credit-card
far fa-credit-card-blank,credit-card-blank
far fa-credit-card-front,credit-card-front
far fa-cricket,cricket
far fa-crop,crop
far fa-crosshairs,crosshairs
far fa-cube,cube
far fa-cubes,cubes
far fa-curling,curling
far fa-cut,cut
far fa-database,database
far fa-deaf,deaf
far fa-desktop,desktop
far fa-desktop-alt,desktop-alt
far fa-diagnoses,diagnoses
far fa-diamond,diamond
far fa-dna,dna
far fa-dollar-sign,dollar-sign
far fa-dolly,dolly
far fa-dolly-empty,dolly-empty
far fa-dolly-flatbed,dolly-flatbed
far fa-dolly-flatbed-alt,dolly-flatbed-alt
far fa-dolly-flatbed-empty,dolly-flatbed-empty
far fa-donate,donate
far fa-dot-circle,dot-circle
far fa-dove,dove
far fa-download,download
far fa-dumbbell,dumbbell
far fa-edit,edit
far fa-eject,eject
far fa-ellipsis-h,ellipsis-h
far fa-ellipsis-h-alt,ellipsis-h-alt
far fa-ellipsis-v,ellipsis-v
far fa-ellipsis-v-alt,ellipsis-v-alt
far fa-envelope,envelope
far fa-envelope-open,envelope-open
far fa-envelope-square,envelope-square
far fa-eraser,eraser
far fa-euro-sign,euro-sign
far fa-exchange,exchange
far fa-exchange-alt,exchange-alt
far fa-exclamation,exclamation
far fa-exclamation-circle,exclamation-circle
far fa-exclamation-square,exclamation-square
far fa-exclamation-triangle,exclamation-triangle
far fa-expand,expand
far fa-expand-alt,expand-alt
far fa-expand-arrows,expand-arrows
far fa-expand-arrows-alt,expand-arrows-alt
far fa-expand-wide,expand-wide
far fa-external-link,external-link
far fa-external-link-alt,external-link-alt
far fa-external-link-square,external-link-square
far fa-external-link-square-alt,external-link-square-alt
far fa-eye,eye
far fa-eye-dropper,eye-dropper
far fa-eye-slash,eye-slash
far fa-fast-backward,fast-backward
far fa-fast-forward,fast-forward
far fa-fax,fax
far fa-female,female
far fa-field-hockey,field-hockey
far fa-fighter-jet,fighter-jet
far fa-file,file
far fa-file-alt,file-alt
far fa-file-archive,file-archive
far fa-file-audio,file-audio
far fa-file-check,file-check
far fa-file-code,file-code
far fa-file-edit,file-edit
far fa-file-excel,file-excel
far fa-file-exclamation,file-exclamation
far fa-file-image,file-image
far fa-file-medical,file-medical
far fa-file-medical-alt,file-medical-alt
far fa-file-minus,file-minus
far fa-file-pdf,file-pdf
far fa-file-plus,file-plus
far fa-file-powerpoint,file-powerpoint
far fa-file-times,file-times
far fa-file-video,file-video
far fa-file-word,file-word
far fa-film,film
far fa-film-alt,film-alt
far fa-filter,filter
far fa-fire,fire
far fa-fire-extinguisher,fire-extinguisher
far fa-first-aid,first-aid
far fa-flag,flag
far fa-flag-checkered,flag-checkered
far fa-flask,flask
far fa-folder,folder
far fa-folder-open,folder-open
far fa-font,font
far fa-football-ball,football-ball
far fa-football-helmet,football-helmet
far fa-forklift,forklift
far fa-forward,forward
far fa-fragile,fragile
far fa-frown,frown
far fa-futbol,futbol
far fa-gamepad,gamepad
far fa-gavel,gavel
far fa-gem,gem
far fa-genderless,genderless
far fa-gift,gift
far fa-glass-martini,glass-martini
far fa-globe,globe
far fa-golf-ball,golf-ball
far fa-golf-club,golf-club
far fa-graduation-cap,graduation-cap
far fa-h-square,h-square
far fa-h1,h1
far fa-h2,h2
far fa-h3,h3
far fa-hand-heart,hand-heart
far fa-hand-holding,hand-holding
far fa-hand-holding-box,hand-holding-box
far fa-hand-holding-heart,hand-holding-heart
far fa-hand-holding-seedling,hand-holding-seedling
far fa-hand-holding-usd,hand-holding-usd
far fa-hand-holding-water,hand-holding-water
far fa-hand-lizard,hand-lizard
far fa-hand-paper,hand-paper
far fa-hand-peace,hand-peace
far fa-hand-point-down,hand-point-down
far fa-hand-point-left,hand-point-left
far fa-hand-point-right,hand-point-right
far fa-hand-point-up,hand-point-up
far fa-hand-pointer,hand-pointer
far fa-hand-receiving,hand-receiving
far fa-hand-rock,hand-rock
far fa-hand-scissors,hand-scissors
far fa-hand-spock,hand-spock
far fa-hands,hands
far fa-hands-heart,hands-heart
far fa-hands-helping,hands-helping
far fa-hands-usd,hands-usd
far fa-handshake,handshake
far fa-handshake-alt,handshake-alt
far fa-hashtag,hashtag
far fa-hdd,hdd
far fa-heading,heading
far fa-headphones,headphones
far fa-heart,heart
far fa-heart-circle,heart-circle
far fa-heart-square,heart-square
far fa-heartbeat,heartbeat
far fa-hexagon,hexagon
far fa-history,history
far fa-hockey-puck,hockey-puck
far fa-hockey-sticks,hockey-sticks
far fa-home,home
far fa-home-heart,home-heart
far fa-hospital,hospital
far fa-hospital-alt,hospital-alt
far fa-hospital-symbol,hospital-symbol
far fa-hourglass,hourglass
far fa-hourglass-end,hourglass-end
far fa-hourglass-half,hourglass-half
far fa-hourglass-start,hourglass-start
far fa-i-cursor,i-cursor
far fa-id-badge,id-badge
far fa-id-card,id-card
far fa-id-card-alt,id-card-alt
far fa-image,image
far fa-images,images
far fa-inbox,inbox
far fa-inbox-in,inbox-in
far fa-inbox-out,inbox-out
far fa-indent,indent
far fa-industry,industry
far fa-industry-alt,industry-alt
far fa-info,info
far fa-info-circle,info-circle
far fa-info-square,info-square
far fa-inventory,inventory
far fa-italic,italic
far fa-jack-o-lantern,jack-o-lantern
far fa-key,key
far fa-keyboard,keyboard
far fa-lamp,lamp
far fa-language,language
far fa-laptop,laptop
far fa-leaf,leaf
far fa-leaf-heart,leaf-heart
far fa-lemon,lemon
far fa-level-down,level-down
far fa-level-down-alt,level-down-alt
far fa-level-up,level-up
far fa-level-up-alt,level-up-alt
far fa-life-ring,life-ring
far fa-lightbulb,lightbulb
far fa-link,link
far fa-lira-sign,lira-sign
far fa-list,list
far fa-list-alt,list-alt
far fa-list-ol,list-ol
far fa-list-ul,list-ul
far fa-location-arrow,location-arrow
far fa-lock,lock
far fa-lock-alt,lock-alt
far fa-lock-open,lock-open
far fa-lock-open-alt,lock-open-alt
far fa-long-arrow-alt-down,long-arrow-alt-down
far fa-long-arrow-alt-left,long-arrow-alt-left
far fa-long-arrow-alt-right,long-arrow-alt-right
far fa-long-arrow-alt-up,long-arrow-alt-up
far fa-long-arrow-down,long-arrow-down
far fa-long-arrow-left,long-arrow-left
far fa-long-arrow-right,long-arrow-right
far fa-long-arrow-up,long-arrow-up
far fa-loveseat,loveseat
far fa-low-vision,low-vision
far fa-luchador,luchador
far fa-magic,magic
far fa-magnet,magnet
far fa-male,male
far fa-map,map
far fa-map-marker,map-marker
far fa-map-marker-alt,map-marker-alt
far fa-map-pin,map-pin
far fa-map-signs,map-signs
far fa-mars,mars
far fa-mars-double,mars-double
far fa-mars-stroke,mars-stroke
far fa-mars-stroke-h,mars-stroke-h
far fa-mars-stroke-v,mars-stroke-v
far fa-medkit,medkit
far fa-meh,meh
far fa-mercury,mercury
far fa-microchip,microchip
far fa-microphone,microphone
far fa-microphone-alt,microphone-alt
far fa-microphone-slash,microphone-slash
far fa-minus,minus
far fa-minus-circle,minus-circle
far fa-minus-hexagon,minus-hexagon
far fa-minus-octagon,minus-octagon
far fa-minus-square,minus-square
far fa-mobile,mobile
far fa-mobile-alt,mobile-alt
far fa-mobile-android,mobile-android
far fa-mobile-android-alt,mobile-android-alt
far fa-money-bill,money-bill
far fa-money-bill-alt,money-bill-alt
far fa-moon,moon
far fa-motorcycle,motorcycle
far fa-mouse-pointer,mouse-pointer
far fa-music,music
far fa-neuter,neuter
far fa-newspaper,newspaper
far fa-notes-medical,notes-medical
far fa-object-group,object-group
far fa-object-ungroup,object-ungroup
far fa-octagon,octagon
far fa-outdent,outdent
far fa-paint-brush,paint-brush
far fa-pallet,pallet
far fa-pallet-alt,pallet-alt
far fa-paper-plane,paper-plane
far fa-paperclip,paperclip
far fa-parachute-box,parachute-box
far fa-paragraph,paragraph
far fa-paste,paste
far fa-pause,pause
far fa-pause-circle,pause-circle
far fa-paw,paw
far fa-pen,pen
far fa-pen-alt,pen-alt
far fa-pen-square,pen-square
far fa-pencil,pencil
far fa-pencil-alt,pencil-alt
far fa-pennant,pennant
far fa-people-carry,people-carry
far fa-percent,percent
far fa-person-carry,person-carry
far fa-person-dolly,person-dolly
far fa-person-dolly-empty,person-dolly-empty
far fa-phone,phone
far fa-phone-plus,phone-plus
far fa-phone-slash,phone-slash
far fa-phone-square,phone-square
far fa-phone-volume,phone-volume
far fa-piggy-bank,piggy-bank
far fa-pills,pills
far fa-plane,plane
far fa-plane-alt,plane-alt
far fa-play,play
far fa-play-circle,play-circle
far fa-plug,plug
far fa-plus,plus
far fa-plus-circle,plus-circle
far fa-plus-hexagon,plus-hexagon
far fa-plus-octagon,plus-octagon
far fa-plus-square,plus-square
far fa-podcast,podcast
far fa-poo,poo
far fa-portrait,portrait
far fa-pound-sign,pound-sign
far fa-power-off,power-off
far fa-prescription-bottle,prescription-bottle
far fa-prescription-bottle-alt,prescription-bottle-alt
far fa-print,print
far fa-procedures,procedures
far fa-puzzle-piece,puzzle-piece
far fa-qrcode,qrcode
far fa-question,question
far fa-question-circle,question-circle
far fa-question-square,question-square
far fa-quidditch,quidditch
far fa-quote-left,quote-left
far fa-quote-right,quote-right
far fa-racquet,racquet
far fa-ramp-loading,ramp-loading
far fa-random,random
far fa-rectangle-landscape,rectangle-landscape
far fa-rectangle-portrait,rectangle-portrait
far fa-rectangle-wide,rectangle-wide
far fa-recycle,recycle
far fa-redo,redo
far fa-redo-alt,redo-alt
far fa-registered,registered
far fa-repeat,repeat
far fa-repeat-1,repeat-1
far fa-repeat-1-alt,repeat-1-alt
far fa-repeat-alt,repeat-alt
far fa-reply,reply
far fa-reply-all,reply-all
far fa-retweet,retweet
far fa-retweet-alt,retweet-alt
far fa-ribbon,ribbon
far fa-road,road
far fa-rocket,rocket
far fa-route,route
far fa-rss,rss
far fa-rss-square,rss-square
far fa-ruble-sign,ruble-sign
far fa-rupee-sign,rupee-sign
far fa-save,save
far fa-scanner,scanner
far fa-scanner-keyboard,scanner-keyboard
far fa-scanner-touchscreen,scanner-touchscreen
far fa-scrubber,scrubber
far fa-search,search
far fa-search-minus,search-minus
far fa-search-plus,search-plus
far fa-seedling,seedling
far fa-server,server
far fa-share,share
far fa-share-all,share-all
far fa-share-alt,share-alt
far fa-share-alt-square,share-alt-square
far fa-share-square,share-square
far fa-shekel-sign,shekel-sign
far fa-shield,shield
far fa-shield-alt,shield-alt
far fa-shield-check,shield-check
far fa-ship,ship
far fa-shipping-fast,shipping-fast
far fa-shipping-timed,shipping-timed
far fa-shopping-bag,shopping-bag
far fa-shopping-basket,shopping-basket
far fa-shopping-cart,shopping-cart
far fa-shower,shower
far fa-shuttlecock,shuttlecock
far fa-sign,sign
far fa-sign-in,sign-in
far fa-sign-in-alt,sign-in-alt
far fa-sign-language,sign-language
far fa-sign-out,sign-out
far fa-sign-out-alt,sign-out-alt
far fa-signal,signal
far fa-sitemap,sitemap
far fa-sliders-h,sliders-h
far fa-sliders-h-square,sliders-h-square
far fa-sliders-v,sliders-v
far fa-sliders-v-square,sliders-v-square
far fa-smile,smile
far fa-smile-plus,smile-plus
far fa-smoking,smoking
far fa-snowflake,snowflake
far fa-sort,sort
far fa-sort-alpha-down,sort-alpha-down
far fa-sort-alpha-up,sort-alpha-up
far fa-sort-amount-down,sort-amount-down
far fa-sort-amount-up,sort-amount-up
far fa-sort-down,sort-down
far fa-sort-numeric-down,sort-numeric-down
far fa-sort-numeric-up,sort-numeric-up
far fa-sort-up,sort-up
far fa-space-shuttle,space-shuttle
far fa-spade,spade
far fa-spinner,spinner
far fa-spinner-third,spinner-third
far fa-square,square
far fa-square-full,square-full
far fa-star,star
far fa-star-exclamation,star-exclamation
far fa-star-half,star-half
far fa-step-backward,step-backward
far fa-step-forward,step-forward
far fa-stethoscope,stethoscope
far fa-sticky-note,sticky-note
far fa-stop,stop
far fa-stop-circle,stop-circle
far fa-stopwatch,stopwatch
far fa-street-view,street-view
far fa-strikethrough,strikethrough
far fa-subscript,subscript
far fa-subway,subway
far fa-suitcase,suitcase
far fa-sun,sun
far fa-superscript,superscript
far fa-sync,sync
far fa-sync-alt,sync-alt
far fa-syringe,syringe
far fa-table,table
far fa-table-tennis,table-tennis
far fa-tablet,tablet
far fa-tablet-alt,tablet-alt
far fa-tablet-android,tablet-android
far fa-tablet-android-alt,tablet-android-alt
far fa-tablet-rugged,tablet-rugged
far fa-tablets,tablets
far fa-tachometer,tachometer
far fa-tachometer-alt,tachometer-alt
far fa-tag,tag
far fa-tags,tags
far fa-tape,tape
far fa-tasks,tasks
far fa-taxi,taxi
far fa-tennis-ball,tennis-ball
far fa-terminal,terminal
far fa-text-height,text-height
far fa-text-width,text-width
far fa-th,th
far fa-th-large,th-large
far fa-th-list,th-list
far fa-thermometer,thermometer
far fa-thermometer-empty,thermometer-empty
far fa-thermometer-full,thermometer-full
far fa-thermometer-half,thermometer-half
far fa-thermometer-quarter,thermometer-quarter
far fa-thermometer-three-quarters,thermometer-three-quarters
far fa-thumbs-down,thumbs-down
far fa-thumbs-up,thumbs-up
far fa-thumbtack,thumbtack
far fa-ticket,ticket
far fa-ticket-alt,ticket-alt
far fa-times,times
far fa-times-circle,times-circle
far fa-times-hexagon,times-hexagon
far fa-times-octagon,times-octagon
far fa-times-square,times-square
far fa-tint,tint
far fa-toggle-off,toggle-off
far fa-toggle-on,toggle-on
far fa-trademark,trademark
far fa-train,train
far fa-transgender,transgender
far fa-transgender-alt,transgender-alt
far fa-trash,trash
far fa-trash-alt,trash-alt
far fa-tree,tree
far fa-tree-alt,tree-alt
far fa-triangle,triangle
far fa-trophy,trophy
far fa-trophy-alt,trophy-alt
far fa-truck,truck
far fa-truck-container,truck-container
far fa-truck-couch,truck-couch
far fa-truck-loading,truck-loading
far fa-truck-moving,truck-moving
far fa-truck-ramp,truck-ramp
far fa-tty,tty
far fa-tv,tv
far fa-tv-retro,tv-retro
far fa-umbrella,umbrella
far fa-underline,underline
far fa-undo,undo
far fa-undo-alt,undo-alt
far fa-universal-access,universal-access
far fa-university,university
far fa-unlink,unlink
far fa-unlock,unlock
far fa-unlock-alt,unlock-alt
far fa-upload,upload
far fa-usd-circle,usd-circle
far fa-usd-square,usd-square
far fa-user,user
far fa-user-alt,user-alt
far fa-user-circle,user-circle
far fa-user-md,user-md
far fa-user-plus,user-plus
far fa-user-secret,user-secret
far fa-user-times,user-times
far fa-users,users
far fa-utensil-fork,utensil-fork
far fa-utensil-knife,utensil-knife
far fa-utensil-spoon,utensil-spoon
far fa-utensils,utensils
far fa-utensils-alt,utensils-alt
far fa-venus,venus
far fa-venus-double,venus-double
far fa-venus-mars,venus-mars
far fa-vial,vial
far fa-vials,vials
far fa-video,video
far fa-video-plus,video-plus
far fa-video-slash,video-slash
far fa-volleyball-ball,volleyball-ball
far fa-volume-down,volume-down
far fa-volume-mute,volume-mute
far fa-volume-off,volume-off
far fa-volume-up,volume-up
far fa-warehouse,warehouse
far fa-warehouse-alt,warehouse-alt
far fa-watch,watch
far fa-weight,weight
far fa-wheelchair,wheelchair
far fa-whistle,whistle
far fa-wifi,wifi
far fa-window,window
far fa-window-alt,window-alt
far fa-window-close,window-close
far fa-window-maximize,window-maximize
far fa-window-minimize,window-minimize
far fa-window-restore,window-restore
far fa-wine-glass,wine-glass
far fa-won-sign,won-sign
far fa-wrench,wrench
far fa-x-ray,x-ray
far fa-yen-sign,yen-sign
fal fa-address-book,address-book
fal fa-address-card,address-card
fal fa-adjust,adjust
fal fa-alarm-clock,alarm-clock
fal fa-align-center,align-center
fal fa-align-justify,align-justify
fal fa-align-left,align-left
fal fa-align-right,align-right
fal fa-allergies,allergies
fal fa-ambulance,ambulance
fal fa-american-sign-language-interpreting,american-sign-language-interpreting
fal fa-anchor,anchor
fal fa-angle-double-down,angle-double-down
fal fa-angle-double-left,angle-double-left
fal fa-angle-double-right,angle-double-right
fal fa-angle-double-up,angle-double-up
fal fa-angle-down,angle-down
fal fa-angle-left,angle-left
fal fa-angle-right,angle-right
fal fa-angle-up,angle-up
fal fa-archive,archive
fal fa-arrow-alt-circle-down,arrow-alt-circle-down
fal fa-arrow-alt-circle-left,arrow-alt-circle-left
fal fa-arrow-alt-circle-right,arrow-alt-circle-right
fal fa-arrow-alt-circle-up,arrow-alt-circle-up
fal fa-arrow-alt-down,arrow-alt-down
fal fa-arrow-alt-from-bottom,arrow-alt-from-bottom
fal fa-arrow-alt-from-left,arrow-alt-from-left
fal fa-arrow-alt-from-right,arrow-alt-from-right
fal fa-arrow-alt-from-top,arrow-alt-from-top
fal fa-arrow-alt-left,arrow-alt-left
fal fa-arrow-alt-right,arrow-alt-right
fal fa-arrow-alt-square-down,arrow-alt-square-down
fal fa-arrow-alt-square-left,arrow-alt-square-left
fal fa-arrow-alt-square-right,arrow-alt-square-right
fal fa-arrow-alt-square-up,arrow-alt-square-up
fal fa-arrow-alt-to-bottom,arrow-alt-to-bottom
fal fa-arrow-alt-to-left,arrow-alt-to-left
fal fa-arrow-alt-to-right,arrow-alt-to-right
fal fa-arrow-alt-to-top,arrow-alt-to-top
fal fa-arrow-alt-up,arrow-alt-up
fal fa-arrow-circle-down,arrow-circle-down
fal fa-arrow-circle-left,arrow-circle-left
fal fa-arrow-circle-right,arrow-circle-right
fal fa-arrow-circle-up,arrow-circle-up
fal fa-arrow-down,arrow-down
fal fa-arrow-from-bottom,arrow-from-bottom
fal fa-arrow-from-left,arrow-from-left
fal fa-arrow-from-right,arrow-from-right
fal fa-arrow-from-top,arrow-from-top
fal fa-arrow-left,arrow-left
fal fa-arrow-right,arrow-right
fal fa-arrow-square-down,arrow-square-down
fal fa-arrow-square-left,arrow-square-left
fal fa-arrow-square-right,arrow-square-right
fal fa-arrow-square-up,arrow-square-up
fal fa-arrow-to-bottom,arrow-to-bottom
fal fa-arrow-to-left,arrow-to-left
fal fa-arrow-to-right,arrow-to-right
fal fa-arrow-to-top,arrow-to-top
fal fa-arrow-up,arrow-up
fal fa-arrows,arrows
fal fa-arrows-alt,arrows-alt
fal fa-arrows-alt-h,arrows-alt-h
fal fa-arrows-alt-v,arrows-alt-v
fal fa-arrows-h,arrows-h
fal fa-arrows-v,arrows-v
fal fa-assistive-listening-systems,assistive-listening-systems
fal fa-asterisk,asterisk
fal fa-at,at
fal fa-audio-description,audio-description
fal fa-backward,backward
fal fa-badge,badge
fal fa-badge-check,badge-check
fal fa-balance-scale,balance-scale
fal fa-ban,ban
fal fa-band-aid,band-aid
fal fa-barcode,barcode
fal fa-barcode-alt,barcode-alt
fal fa-barcode-read,barcode-read
fal fa-barcode-scan,barcode-scan
fal fa-bars,bars
fal fa-baseball,baseball
fal fa-baseball-ball,baseball-ball
fal fa-basketball-ball,basketball-ball
fal fa-basketball-hoop,basketball-hoop
fal fa-bath,bath
fal fa-battery-bolt,battery-bolt
fal fa-battery-empty,battery-empty
fal fa-battery-full,battery-full
fal fa-battery-half,battery-half
fal fa-battery-quarter,battery-quarter
fal fa-battery-slash,battery-slash
fal fa-battery-three-quarters,battery-three-quarters
fal fa-bed,bed
fal fa-beer,beer
fal fa-bell,bell
fal fa-bell-slash,bell-slash
fal fa-bicycle,bicycle
fal fa-binoculars,binoculars
fal fa-birthday-cake,birthday-cake
fal fa-blanket,blanket
fal fa-blind,blind
fal fa-bold,bold
fal fa-bolt,bolt
fal fa-bomb,bomb
fal fa-book,book
fal fa-book-heart,book-heart
fal fa-bookmark,bookmark
fal fa-bowling-ball,bowling-ball
fal fa-bowling-pins,bowling-pins
fal fa-box,box
fal fa-box-alt,box-alt
fal fa-box-check,box-check
fal fa-box-fragile,box-fragile
fal fa-box-full,box-full
fal fa-box-heart,box-heart
fal fa-box-open,box-open
fal fa-box-up,box-up
fal fa-box-usd,box-usd
fal fa-boxes,boxes
fal fa-boxes-alt,boxes-alt
fal fa-boxing-glove,boxing-glove
fal fa-braille,braille
fal fa-briefcase,briefcase
fal fa-briefcase-medical,briefcase-medical
fal fa-browser,browser
fal fa-bug,bug
fal fa-building,building
fal fa-bullhorn,bullhorn
fal fa-bullseye,bullseye
fal fa-burn,burn
fal fa-bus,bus
fal fa-calculator,calculator
fal fa-calendar,calendar
fal fa-calendar-alt,calendar-alt
fal fa-calendar-check,calendar-check
fal fa-calendar-edit,calendar-edit
fal fa-calendar-exclamation,calendar-exclamation
fal fa-calendar-minus,calendar-minus
fal fa-calendar-plus,calendar-plus
fal fa-calendar-times,calendar-times
fal fa-camera,camera
fal fa-camera-alt,camera-alt
fal fa-camera-retro,camera-retro
fal fa-capsules,capsules
fal fa-car,car
fal fa-caret-circle-down,caret-circle-down
fal fa-caret-circle-left,caret-circle-left
fal fa-caret-circle-right,caret-circle-right
fal fa-caret-circle-up,caret-circle-up
fal fa-caret-down,caret-down
fal fa-caret-left,caret-left
fal fa-caret-right,caret-right
fal fa-caret-square-down,caret-square-down
fal fa-caret-square-left,caret-square-left
fal fa-caret-square-right,caret-square-right
fal fa-caret-square-up,caret-square-up
fal fa-caret-up,caret-up
fal fa-cart-arrow-down,cart-arrow-down
fal fa-cart-plus,cart-plus
fal fa-certificate,certificate
fal fa-chart-area,chart-area
fal fa-chart-bar,chart-bar
fal fa-chart-line,chart-line
fal fa-chart-pie,chart-pie
fal fa-check,check
fal fa-check-circle,check-circle
fal fa-check-square,check-square
fal fa-chess,chess
fal fa-chess-bishop,chess-bishop
fal fa-chess-bishop-alt,chess-bishop-alt
fal fa-chess-board,chess-board
fal fa-chess-clock,chess-clock
fal fa-chess-clock-alt,chess-clock-alt
fal fa-chess-king,chess-king
fal fa-chess-king-alt,chess-king-alt
fal fa-chess-knight,chess-knight
fal fa-chess-knight-alt,chess-knight-alt
fal fa-chess-pawn,chess-pawn
fal fa-chess-pawn-alt,chess-pawn-alt
fal fa-chess-queen,chess-queen
fal fa-chess-queen-alt,chess-queen-alt
fal fa-chess-rook,chess-rook
fal fa-chess-rook-alt,chess-rook-alt
fal fa-chevron-circle-down,chevron-circle-down
fal fa-chevron-circle-left,chevron-circle-left
fal fa-chevron-circle-right,chevron-circle-right
fal fa-chevron-circle-up,chevron-circle-up
fal fa-chevron-double-down,chevron-double-down
fal fa-chevron-double-left,chevron-double-left
fal fa-chevron-double-right,chevron-double-right
fal fa-chevron-double-up,chevron-double-up
fal fa-chevron-down,chevron-down
fal fa-chevron-left,chevron-left
fal fa-chevron-right,chevron-right
fal fa-chevron-square-down,chevron-square-down
fal fa-chevron-square-left,chevron-square-left
fal fa-chevron-square-right,chevron-square-right
fal fa-chevron-square-up,chevron-square-up
fal fa-chevron-up,chevron-up
fal fa-child,child
fal fa-circle,circle
fal fa-circle-notch,circle-notch
fal fa-clipboard,clipboard
fal fa-clipboard-check,clipboard-check
fal fa-clipboard-list,clipboard-list
fal fa-clock,clock
fal fa-clone,clone
fal fa-closed-captioning,closed-captioning
fal fa-cloud,cloud
fal fa-cloud-download,cloud-download
fal fa-cloud-download-alt,cloud-download-alt
fal fa-cloud-upload,cloud-upload
fal fa-cloud-upload-alt,cloud-upload-alt
fal fa-club,club
fal fa-code,code
fal fa-code-branch,code-branch
fal fa-code-commit,code-commit
fal fa-code-merge,code-merge
fal fa-coffee,coffee
fal fa-cog,cog
fal fa-cogs,cogs
fal fa-columns,columns
fal fa-comment,comment
fal fa-comment-alt,comment-alt
fal fa-comment-alt-check,comment-alt-check
fal fa-comment-alt-dots,comment-alt-dots
fal fa-comment-alt-edit,comment-alt-edit
fal fa-comment-alt-exclamation,comment-alt-exclamation
fal fa-comment-alt-lines,comment-alt-lines
fal fa-comment-alt-minus,comment-alt-minus
fal fa-comment-alt-plus,comment-alt-plus
fal fa-comment-alt-slash,comment-alt-slash
fal fa-comment-alt-smile,comment-alt-smile
fal fa-comment-alt-times,comment-alt-times
fal fa-comment-check,comment-check
fal fa-comment-dots,comment-dots
fal fa-comment-edit,comment-edit
fal fa-comment-exclamation,comment-exclamation
fal fa-comment-lines,comment-lines
fal fa-comment-minus,comment-minus
fal fa-comment-plus,comment-plus
fal fa-comment-slash,comment-slash
fal fa-comment-smile,comment-smile
fal fa-comment-times,comment-times
fal fa-comments,comments
fal fa-comments-alt,comments-alt
fal fa-compass,compass
fal fa-compress,compress
fal fa-compress-alt,compress-alt
fal fa-compress-wide,compress-wide
fal fa-container-storage,container-storage
fal fa-conveyor-belt,conveyor-belt
fal fa-conveyor-belt-alt,conveyor-belt-alt
fal fa-copy,copy
fal fa-copyright,copyright
fal fa-couch,couch
fal fa-credit-card,credit-card
fal fa-credit-card-blank,credit-card-blank
fal fa-credit-card-front,credit-card-front
fal fa-cricket,cricket
fal fa-crop,crop
fal fa-crosshairs,crosshairs
fal fa-cube,cube
fal fa-cubes,cubes
fal fa-curling,curling
fal fa-cut,cut
fal fa-database,database
fal fa-deaf,deaf
fal fa-desktop,desktop
fal fa-desktop-alt,desktop-alt
fal fa-diagnoses,diagnoses
fal fa-diamond,diamond
fal fa-dna,dna
fal fa-dollar-sign,dollar-sign
fal fa-dolly,dolly
fal fa-dolly-empty,dolly-empty
fal fa-dolly-flatbed,dolly-flatbed
fal fa-dolly-flatbed-alt,dolly-flatbed-alt
fal fa-dolly-flatbed-empty,dolly-flatbed-empty
fal fa-donate,donate
fal fa-dot-circle,dot-circle
fal fa-dove,dove
fal fa-download,download
fal fa-dumbbell,dumbbell
fal fa-edit,edit
fal fa-eject,eject
fal fa-ellipsis-h,ellipsis-h
fal fa-ellipsis-h-alt,ellipsis-h-alt
fal fa-ellipsis-v,ellipsis-v
fal fa-ellipsis-v-alt,ellipsis-v-alt
fal fa-envelope,envelope
fal fa-envelope-open,envelope-open
fal fa-envelope-square,envelope-square
fal fa-eraser,eraser
fal fa-euro-sign,euro-sign
fal fa-exchange,exchange
fal fa-exchange-alt,exchange-alt
fal fa-exclamation,exclamation
fal fa-exclamation-circle,exclamation-circle
fal fa-exclamation-square,exclamation-square
fal fa-exclamation-triangle,exclamation-triangle
fal fa-expand,expand
fal fa-expand-alt,expand-alt
fal fa-expand-arrows,expand-arrows
fal fa-expand-arrows-alt,expand-arrows-alt
fal fa-expand-wide,expand-wide
fal fa-external-link,external-link
fal fa-external-link-alt,external-link-alt
fal fa-external-link-square,external-link-square
fal fa-external-link-square-alt,external-link-square-alt
fal fa-eye,eye
fal fa-eye-dropper,eye-dropper
fal fa-eye-slash,eye-slash
fal fa-fast-backward,fast-backward
fal fa-fast-forward,fast-forward
fal fa-fax,fax
fal fa-female,female
fal fa-field-hockey,field-hockey
fal fa-fighter-jet,fighter-jet
fal fa-file,file
fal fa-file-alt,file-alt
fal fa-file-archive,file-archive
fal fa-file-audio,file-audio
fal fa-file-check,file-check
fal fa-file-code,file-code
fal fa-file-edit,file-edit
fal fa-file-excel,file-excel
fal fa-file-exclamation,file-exclamation
fal fa-file-image,file-image
fal fa-file-medical,file-medical
fal fa-file-medical-alt,file-medical-alt
fal fa-file-minus,file-minus
fal fa-file-pdf,file-pdf
fal fa-file-plus,file-plus
fal fa-file-powerpoint,file-powerpoint
fal fa-file-times,file-times
fal fa-file-video,file-video
fal fa-file-word,file-word
fal fa-film,film
fal fa-film-alt,film-alt
fal fa-filter,filter
fal fa-fire,fire
fal fa-fire-extinguisher,fire-extinguisher
fal fa-first-aid,first-aid
fal fa-flag,flag
fal fa-flag-checkered,flag-checkered
fal fa-flask,flask
fal fa-folder,folder
fal fa-folder-open,folder-open
fal fa-font,font
fal fa-football-ball,football-ball
fal fa-football-helmet,football-helmet
fal fa-forklift,forklift
fal fa-forward,forward
fal fa-fragile,fragile
fal fa-frown,frown
fal fa-futbol,futbol
fal fa-gamepad,gamepad
fal fa-gavel,gavel
fal fa-gem,gem
fal fa-genderless,genderless
fal fa-gift,gift
fal fa-glass-martini,glass-martini
fal fa-globe,globe
fal fa-golf-ball,golf-ball
fal fa-golf-club,golf-club
fal fa-graduation-cap,graduation-cap
fal fa-h-square,h-square
fal fa-h1,h1
fal fa-h2,h2
fal fa-h3,h3
fal fa-hand-heart,hand-heart
fal fa-hand-holding,hand-holding
fal fa-hand-holding-box,hand-holding-box
fal fa-hand-holding-heart,hand-holding-heart
fal fa-hand-holding-seedling,hand-holding-seedling
fal fa-hand-holding-usd,hand-holding-usd
fal fa-hand-holding-water,hand-holding-water
fal fa-hand-lizard,hand-lizard
fal fa-hand-paper,hand-paper
fal fa-hand-peace,hand-peace
fal fa-hand-point-down,hand-point-down
fal fa-hand-point-left,hand-point-left
fal fa-hand-point-right,hand-point-right
fal fa-hand-point-up,hand-point-up
fal fa-hand-pointer,hand-pointer
fal fa-hand-receiving,hand-receiving
fal fa-hand-rock,hand-rock
fal fa-hand-scissors,hand-scissors
fal fa-hand-spock,hand-spock
fal fa-hands,hands
fal fa-hands-heart,hands-heart
fal fa-hands-helping,hands-helping
fal fa-hands-usd,hands-usd
fal fa-handshake,handshake
fal fa-handshake-alt,handshake-alt
fal fa-hashtag,hashtag
fal fa-hdd,hdd
fal fa-heading,heading
fal fa-headphones,headphones
fal fa-heart,heart
fal fa-heart-circle,heart-circle
fal fa-heart-square,heart-square
fal fa-heartbeat,heartbeat
fal fa-hexagon,hexagon
fal fa-history,history
fal fa-hockey-puck,hockey-puck
fal fa-hockey-sticks,hockey-sticks
fal fa-home,home
fal fa-home-heart,home-heart
fal fa-hospital,hospital
fal fa-hospital-alt,hospital-alt
fal fa-hospital-symbol,hospital-symbol
fal fa-hourglass,hourglass
fal fa-hourglass-end,hourglass-end
fal fa-hourglass-half,hourglass-half
fal fa-hourglass-start,hourglass-start
fal fa-i-cursor,i-cursor
fal fa-id-badge,id-badge
fal fa-id-card,id-card
fal fa-id-card-alt,id-card-alt
fal fa-image,image
fal fa-images,images
fal fa-inbox,inbox
fal fa-inbox-in,inbox-in
fal fa-inbox-out,inbox-out
fal fa-indent,indent
fal fa-industry,industry
fal fa-industry-alt,industry-alt
fal fa-info,info
fal fa-info-circle,info-circle
fal fa-info-square,info-square
fal fa-inventory,inventory
fal fa-italic,italic
fal fa-jack-o-lantern,jack-o-lantern
fal fa-key,key
fal fa-keyboard,keyboard
fal fa-lamp,lamp
fal fa-language,language
fal fa-laptop,laptop
fal fa-leaf,leaf
fal fa-leaf-heart,leaf-heart
fal fa-lemon,lemon
fal fa-level-down,level-down
fal fa-level-down-alt,level-down-alt
fal fa-level-up,level-up
fal fa-level-up-alt,level-up-alt
fal fa-life-ring,life-ring
fal fa-lightbulb,lightbulb
fal fa-link,link
fal fa-lira-sign,lira-sign
fal fa-list,list
fal fa-list-alt,list-alt
fal fa-list-ol,list-ol
fal fa-list-ul,list-ul
fal fa-location-arrow,location-arrow
fal fa-lock,lock
fal fa-lock-alt,lock-alt
fal fa-lock-open,lock-open
fal fa-lock-open-alt,lock-open-alt
fal fa-long-arrow-alt-down,long-arrow-alt-down
fal fa-long-arrow-alt-left,long-arrow-alt-left
fal fa-long-arrow-alt-right,long-arrow-alt-right
fal fa-long-arrow-alt-up,long-arrow-alt-up
fal fa-long-arrow-down,long-arrow-down
fal fa-long-arrow-left,long-arrow-left
fal fa-long-arrow-right,long-arrow-right
fal fa-long-arrow-up,long-arrow-up
fal fa-loveseat,loveseat
fal fa-low-vision,low-vision
fal fa-luchador,luchador
fal fa-magic,magic
fal fa-magnet,magnet
fal fa-male,male
fal fa-map,map
fal fa-map-marker,map-marker
fal fa-map-marker-alt,map-marker-alt
fal fa-map-pin,map-pin
fal fa-map-signs,map-signs
fal fa-mars,mars
fal fa-mars-double,mars-double
fal fa-mars-stroke,mars-stroke
fal fa-mars-stroke-h,mars-stroke-h
fal fa-mars-stroke-v,mars-stroke-v
fal fa-medkit,medkit
fal fa-meh,meh
fal fa-mercury,mercury
fal fa-microchip,microchip
fal fa-microphone,microphone
fal fa-microphone-alt,microphone-alt
fal fa-microphone-slash,microphone-slash
fal fa-minus,minus
fal fa-minus-circle,minus-circle
fal fa-minus-hexagon,minus-hexagon
fal fa-minus-octagon,minus-octagon
fal fa-minus-square,minus-square
fal fa-mobile,mobile
fal fa-mobile-alt,mobile-alt
fal fa-mobile-android,mobile-android
fal fa-mobile-android-alt,mobile-android-alt
fal fa-money-bill,money-bill
fal fa-money-bill-alt,money-bill-alt
fal fa-moon,moon
fal fa-motorcycle,motorcycle
fal fa-mouse-pointer,mouse-pointer
fal fa-music,music
fal fa-neuter,neuter
fal fa-newspaper,newspaper
fal fa-notes-medical,notes-medical
fal fa-object-group,object-group
fal fa-object-ungroup,object-ungroup
fal fa-octagon,octagon
fal fa-outdent,outdent
fal fa-paint-brush,paint-brush
fal fa-pallet,pallet
fal fa-pallet-alt,pallet-alt
fal fa-paper-plane,paper-plane
fal fa-paperclip,paperclip
fal fa-parachute-box,parachute-box
fal fa-paragraph,paragraph
fal fa-paste,paste
fal fa-pause,pause
fal fa-pause-circle,pause-circle
fal fa-paw,paw
fal fa-pen,pen
fal fa-pen-alt,pen-alt
fal fa-pen-square,pen-square
fal fa-pencil,pencil
fal fa-pencil-alt,pencil-alt
fal fa-pennant,pennant
fal fa-people-carry,people-carry
fal fa-percent,percent
fal fa-person-carry,person-carry
fal fa-person-dolly,person-dolly
fal fa-person-dolly-empty,person-dolly-empty
fal fa-phone,phone
fal fa-phone-plus,phone-plus
fal fa-phone-slash,phone-slash
fal fa-phone-square,phone-square
fal fa-phone-volume,phone-volume
fal fa-piggy-bank,piggy-bank
fal fa-pills,pills
fal fa-plane,plane
fal fa-plane-alt,plane-alt
fal fa-play,play
fal fa-play-circle,play-circle
fal fa-plug,plug
fal fa-plus,plus
fal fa-plus-circle,plus-circle
fal fa-plus-hexagon,plus-hexagon
fal fa-plus-octagon,plus-octagon
fal fa-plus-square,plus-square
fal fa-podcast,podcast
fal fa-poo,poo
fal fa-portrait,portrait
fal fa-pound-sign,pound-sign
fal fa-power-off,power-off
fal fa-prescription-bottle,prescription-bottle
fal fa-prescription-bottle-alt,prescription-bottle-alt
fal fa-print,print
fal fa-procedures,procedures
fal fa-puzzle-piece,puzzle-piece
fal fa-qrcode,qrcode
fal fa-question,question
fal fa-question-circle,question-circle
fal fa-question-square,question-square
fal fa-quidditch,quidditch
fal fa-quote-left,quote-left
fal fa-quote-right,quote-right
fal fa-racquet,racquet
fal fa-ramp-loading,ramp-loading
fal fa-random,random
fal fa-rectangle-landscape,rectangle-landscape
fal fa-rectangle-portrait,rectangle-portrait
fal fa-rectangle-wide,rectangle-wide
fal fa-recycle,recycle
fal fa-redo,redo
fal fa-redo-alt,redo-alt
fal fa-registered,registered
fal fa-repeat,repeat
fal fa-repeat-1,repeat-1
fal fa-repeat-1-alt,repeat-1-alt
fal fa-repeat-alt,repeat-alt
fal fa-reply,reply
fal fa-reply-all,reply-all
fal fa-retweet,retweet
fal fa-retweet-alt,retweet-alt
fal fa-ribbon,ribbon
fal fa-road,road
fal fa-rocket,rocket
fal fa-route,route
fal fa-rss,rss
fal fa-rss-square,rss-square
fal fa-ruble-sign,ruble-sign
fal fa-rupee-sign,rupee-sign
fal fa-save,save
fal fa-scanner,scanner
fal fa-scanner-keyboard,scanner-keyboard
fal fa-scanner-touchscreen,scanner-touchscreen
fal fa-scrubber,scrubber
fal fa-search,search
fal fa-search-minus,search-minus
fal fa-search-plus,search-plus
fal fa-seedling,seedling
fal fa-server,server
fal fa-share,share
fal fa-share-all,share-all
fal fa-share-alt,share-alt
fal fa-share-alt-square,share-alt-square
fal fa-share-square,share-square
fal fa-shekel-sign,shekel-sign
fal fa-shield,shield
fal fa-shield-alt,shield-alt
fal fa-shield-check,shield-check
fal fa-ship,ship
fal fa-shipping-fast,shipping-fast
fal fa-shipping-timed,shipping-timed
fal fa-shopping-bag,shopping-bag
fal fa-shopping-basket,shopping-basket
fal fa-shopping-cart,shopping-cart
fal fa-shower,shower
fal fa-shuttlecock,shuttlecock
fal fa-sign,sign
fal fa-sign-in,sign-in
fal fa-sign-in-alt,sign-in-alt
fal fa-sign-language,sign-language
fal fa-sign-out,sign-out
fal fa-sign-out-alt,sign-out-alt
fal fa-signal,signal
fal fa-sitemap,sitemap
fal fa-sliders-h,sliders-h
fal fa-sliders-h-square,sliders-h-square
fal fa-sliders-v,sliders-v
fal fa-sliders-v-square,sliders-v-square
fal fa-smile,smile
fal fa-smile-plus,smile-plus
fal fa-smoking,smoking
fal fa-snowflake,snowflake
fal fa-sort,sort
fal fa-sort-alpha-down,sort-alpha-down
fal fa-sort-alpha-up,sort-alpha-up
fal fa-sort-amount-down,sort-amount-down
fal fa-sort-amount-up,sort-amount-up
fal fa-sort-down,sort-down
fal fa-sort-numeric-down,sort-numeric-down
fal fa-sort-numeric-up,sort-numeric-up
fal fa-sort-up,sort-up
fal fa-space-shuttle,space-shuttle
fal fa-spade,spade
fal fa-spinner,spinner
fal fa-spinner-third,spinner-third
fal fa-square,square
fal fa-square-full,square-full
fal fa-star,star
fal fa-star-exclamation,star-exclamation
fal fa-star-half,star-half
fal fa-step-backward,step-backward
fal fa-step-forward,step-forward
fal fa-stethoscope,stethoscope
fal fa-sticky-note,sticky-note
fal fa-stop,stop
fal fa-stop-circle,stop-circle
fal fa-stopwatch,stopwatch
fal fa-street-view,street-view
fal fa-strikethrough,strikethrough
fal fa-subscript,subscript
fal fa-subway,subway
fal fa-suitcase,suitcase
fal fa-sun,sun
fal fa-superscript,superscript
fal fa-sync,sync
fal fa-sync-alt,sync-alt
fal fa-syringe,syringe
fal fa-table,table
fal fa-table-tennis,table-tennis
fal fa-tablet,tablet
fal fa-tablet-alt,tablet-alt
fal fa-tablet-android,tablet-android
fal fa-tablet-android-alt,tablet-android-alt
fal fa-tablet-rugged,tablet-rugged
fal fa-tablets,tablets
fal fa-tachometer,tachometer
fal fa-tachometer-alt,tachometer-alt
fal fa-tag,tag
fal fa-tags,tags
fal fa-tape,tape
fal fa-tasks,tasks
fal fa-taxi,taxi
fal fa-tennis-ball,tennis-ball
fal fa-terminal,terminal
fal fa-text-height,text-height
fal fa-text-width,text-width
fal fa-th,th
fal fa-th-large,th-large
fal fa-th-list,th-list
fal fa-thermometer,thermometer
fal fa-thermometer-empty,thermometer-empty
fal fa-thermometer-full,thermometer-full
fal fa-thermometer-half,thermometer-half
fal fa-thermometer-quarter,thermometer-quarter
fal fa-thermometer-three-quarters,thermometer-three-quarters
fal fa-thumbs-down,thumbs-down
fal fa-thumbs-up,thumbs-up
fal fa-thumbtack,thumbtack
fal fa-ticket,ticket
fal fa-ticket-alt,ticket-alt
fal fa-times,times
fal fa-times-circle,times-circle
fal fa-times-hexagon,times-hexagon
fal fa-times-octagon,times-octagon
fal fa-times-square,times-square
fal fa-tint,tint
fal fa-toggle-off,toggle-off
fal fa-toggle-on,toggle-on
fal fa-trademark,trademark
fal fa-train,train
fal fa-transgender,transgender
fal fa-transgender-alt,transgender-alt
fal fa-trash,trash
fal fa-trash-alt,trash-alt
fal fa-tree,tree
fal fa-tree-alt,tree-alt
fal fa-triangle,triangle
fal fa-trophy,trophy
fal fa-trophy-alt,trophy-alt
fal fa-truck,truck
fal fa-truck-container,truck-container
fal fa-truck-couch,truck-couch
fal fa-truck-loading,truck-loading
fal fa-truck-moving,truck-moving
fal fa-truck-ramp,truck-ramp
fal fa-tty,tty
fal fa-tv,tv
fal fa-tv-retro,tv-retro
fal fa-umbrella,umbrella
fal fa-underline,underline
fal fa-undo,undo
fal fa-undo-alt,undo-alt
fal fa-universal-access,universal-access
fal fa-university,university
fal fa-unlink,unlink
fal fa-unlock,unlock
fal fa-unlock-alt,unlock-alt
fal fa-upload,upload
fal fa-usd-circle,usd-circle
fal fa-usd-square,usd-square
fal fa-user,user
fal fa-user-alt,user-alt
fal fa-user-circle,user-circle
fal fa-user-md,user-md
fal fa-user-plus,user-plus
fal fa-user-secret,user-secret
fal fa-user-times,user-times
fal fa-users,users
fal fa-utensil-fork,utensil-fork
fal fa-utensil-knife,utensil-knife
fal fa-utensil-spoon,utensil-spoon
fal fa-utensils,utensils
fal fa-utensils-alt,utensils-alt
fal fa-venus,venus
fal fa-venus-double,venus-double
fal fa-venus-mars,venus-mars
fal fa-vial,vial
fal fa-vials,vials
fal fa-video,video
fal fa-video-plus,video-plus
fal fa-video-slash,video-slash
fal fa-volleyball-ball,volleyball-ball
fal fa-volume-down,volume-down
fal fa-volume-mute,volume-mute
fal fa-volume-off,volume-off
fal fa-volume-up,volume-up
fal fa-warehouse,warehouse
fal fa-warehouse-alt,warehouse-alt
fal fa-watch,watch
fal fa-weight,weight
fal fa-wheelchair,wheelchair
fal fa-whistle,whistle
fal fa-wifi,wifi
fal fa-window,window
fal fa-window-alt,window-alt
fal fa-window-close,window-close
fal fa-window-maximize,window-maximize
fal fa-window-minimize,window-minimize
fal fa-window-restore,window-restore
fal fa-wine-glass,wine-glass
fal fa-won-sign,won-sign
fal fa-wrench,wrench
fal fa-x-ray,x-ray
fal fa-yen-sign,yen-sign
fab fa-500px,500px
fab fa-accessible-icon,accessible-icon
fab fa-accusoft,accusoft
fab fa-adn,adn
fab fa-adversal,adversal
fab fa-affiliatetheme,affiliatetheme
fab fa-algolia,algolia
fab fa-amazon,amazon
fab fa-amazon-pay,amazon-pay
fab fa-amilia,amilia
fab fa-android,android
fab fa-angellist,angellist
fab fa-angrycreative,angrycreative
fab fa-angular,angular
fab fa-app-store,app-store
fab fa-app-store-ios,app-store-ios
fab fa-apper,apper
fab fa-apple,apple
fab fa-apple-pay,apple-pay
fab fa-asymmetrik,asymmetrik
fab fa-audible,audible
fab fa-autoprefixer,autoprefixer
fab fa-avianex,avianex
fab fa-aviato,aviato
fab fa-aws,aws
fab fa-bandcamp,bandcamp
fab fa-behance,behance
fab fa-behance-square,behance-square
fab fa-bimobject,bimobject
fab fa-bitbucket,bitbucket
fab fa-bitcoin,bitcoin
fab fa-bity,bity
fab fa-black-tie,black-tie
fab fa-blackberry,blackberry
fab fa-blogger,blogger
fab fa-blogger-b,blogger-b
fab fa-bluetooth,bluetooth
fab fa-bluetooth-b,bluetooth-b
fab fa-btc,btc
fab fa-buromobelexperte,buromobelexperte
fab fa-buysellads,buysellads
fab fa-cc-amazon-pay,cc-amazon-pay
fab fa-cc-amex,cc-amex
fab fa-cc-apple-pay,cc-apple-pay
fab fa-cc-diners-club,cc-diners-club
fab fa-cc-discover,cc-discover
fab fa-cc-jcb,cc-jcb
fab fa-cc-mastercard,cc-mastercard
fab fa-cc-paypal,cc-paypal
fab fa-cc-stripe,cc-stripe
fab fa-cc-visa,cc-visa
fab fa-centercode,centercode
fab fa-chrome,chrome
fab fa-cloudscale,cloudscale
fab fa-cloudsmith,cloudsmith
fab fa-cloudversify,cloudversify
fab fa-codepen,codepen
fab fa-codiepie,codiepie
fab fa-connectdevelop,connectdevelop
fab fa-contao,contao
fab fa-cpanel,cpanel
fab fa-creative-commons,creative-commons
fab fa-css3,css3
fab fa-css3-alt,css3-alt
fab fa-cuttlefish,cuttlefish
fab fa-d-and-d,d-and-d
fab fa-dashcube,dashcube
fab fa-delicious,delicious
fab fa-deploydog,deploydog
fab fa-deskpro,deskpro
fab fa-deviantart,deviantart
fab fa-digg,digg
fab fa-digital-ocean,digital-ocean
fab fa-discord,discord
fab fa-discourse,discourse
fab fa-dochub,dochub
fab fa-docker,docker
fab fa-draft2digital,draft2digital
fab fa-dribbble,dribbble
fab fa-dribbble-square,dribbble-square
fab fa-dropbox,dropbox
fab fa-drupal,drupal
fab fa-dyalog,dyalog
fab fa-earlybirds,earlybirds
fab fa-edge,edge
fab fa-elementor,elementor
fab fa-ember,ember
fab fa-empire,empire
fab fa-envira,envira
fab fa-erlang,erlang
fab fa-ethereum,ethereum
fab fa-etsy,etsy
fab fa-expeditedssl,expeditedssl
fab fa-facebook,facebook
fab fa-facebook-f,facebook-f
fab fa-facebook-messenger,facebook-messenger
fab fa-facebook-square,facebook-square
fab fa-firefox,firefox
fab fa-first-order,first-order
fab fa-firstdraft,firstdraft
fab fa-flickr,flickr
fab fa-flipboard,flipboard
fab fa-fly,fly
fab fa-font-awesome,font-awesome
fab fa-font-awesome-alt,font-awesome-alt
fab fa-font-awesome-flag,font-awesome-flag
fab fa-fonticons,fonticons
fab fa-fonticons-fi,fonticons-fi
fab fa-fort-awesome,fort-awesome
fab fa-fort-awesome-alt,fort-awesome-alt
fab fa-forumbee,forumbee
fab fa-foursquare,foursquare
fab fa-free-code-camp,free-code-camp
fab fa-freebsd,freebsd
fab fa-get-pocket,get-pocket
fab fa-gg,gg
fab fa-gg-circle,gg-circle
fab fa-git,git
fab fa-git-square,git-square
fab fa-github,github
fab fa-github-alt,github-alt
fab fa-github-square,github-square
fab fa-gitkraken,gitkraken
fab fa-gitlab,gitlab
fab fa-gitter,gitter
fab fa-glide,glide
fab fa-glide-g,glide-g
fab fa-gofore,gofore
fab fa-goodreads,goodreads
fab fa-goodreads-g,goodreads-g
fab fa-google,google
fab fa-google-drive,google-drive
fab fa-google-play,google-play
fab fa-google-plus,google-plus
fab fa-google-plus-g,google-plus-g
fab fa-google-plus-square,google-plus-square
fab fa-google-wallet,google-wallet
fab fa-gratipay,gratipay
fab fa-grav,grav
fab fa-gripfire,gripfire
fab fa-grunt,grunt
fab fa-gulp,gulp
fab fa-hacker-news,hacker-news
fab fa-hacker-news-square,hacker-news-square
fab fa-hips,hips
fab fa-hire-a-helper,hire-a-helper
fab fa-hooli,hooli
fab fa-hotjar,hotjar
fab fa-houzz,houzz
fab fa-html5,html5
fab fa-hubspot,hubspot
fab fa-imdb,imdb
fab fa-instagram,instagram
fab fa-internet-explorer,internet-explorer
fab fa-ioxhost,ioxhost
fab fa-itunes,itunes
fab fa-itunes-note,itunes-note
fab fa-jenkins,jenkins
fab fa-joget,joget
fab fa-joomla,joomla
fab fa-js,js
fab fa-js-square,js-square
fab fa-jsfiddle,jsfiddle
fab fa-keycdn,keycdn
fab fa-kickstarter,kickstarter
fab fa-kickstarter-k,kickstarter-k
fab fa-korvue,korvue
fab fa-laravel,laravel
fab fa-lastfm,lastfm
fab fa-lastfm-square,lastfm-square
fab fa-leanpub,leanpub
fab fa-less,less
fab fa-line,line
fab fa-linkedin,linkedin
fab fa-linkedin-in,linkedin-in
fab fa-linode,linode
fab fa-linux,linux
fab fa-lyft,lyft
fab fa-magento,magento
fab fa-maxcdn,maxcdn
fab fa-medapps,medapps
fab fa-medium,medium
fab fa-medium-m,medium-m
fab fa-medrt,medrt
fab fa-meetup,meetup
fab fa-microsoft,microsoft
fab fa-mix,mix
fab fa-mixcloud,mixcloud
fab fa-mizuni,mizuni
fab fa-modx,modx
fab fa-monero,monero
fab fa-napster,napster
fab fa-nintendo-switch,nintendo-switch
fab fa-node,node
fab fa-node-js,node-js
fab fa-npm,npm
fab fa-ns8,ns8
fab fa-nutritionix,nutritionix
fab fa-odnoklassniki,odnoklassniki
fab fa-odnoklassniki-square,odnoklassniki-square
fab fa-opencart,opencart
fab fa-openid,openid
fab fa-opera,opera
fab fa-optin-monster,optin-monster
fab fa-osi,osi
fab fa-page4,page4
fab fa-pagelines,pagelines
fab fa-palfed,palfed
fab fa-patreon,patreon
fab fa-paypal,paypal
fab fa-periscope,periscope
fab fa-phabricator,phabricator
fab fa-phoenix-framework,phoenix-framework
fab fa-php,php
fab fa-pied-piper,pied-piper
fab fa-pied-piper-alt,pied-piper-alt
fab fa-pied-piper-pp,pied-piper-pp
fab fa-pinterest,pinterest
fab fa-pinterest-p,pinterest-p
fab fa-pinterest-square,pinterest-square
fab fa-playstation,playstation
fab fa-product-hunt,product-hunt
fab fa-pushed,pushed
fab fa-python,python
fab fa-qq,qq
fab fa-quinscape,quinscape
fab fa-quora,quora
fab fa-ravelry,ravelry
fab fa-react,react
fab fa-readme,readme
fab fa-rebel,rebel
fab fa-red-river,red-river
fab fa-reddit,reddit
fab fa-reddit-alien,reddit-alien
fab fa-reddit-square,reddit-square
fab fa-rendact,rendact
fab fa-renren,renren
fab fa-replyd,replyd
fab fa-resolving,resolving
fab fa-rocketchat,rocketchat
fab fa-rockrms,rockrms
fab fa-safari,safari
fab fa-sass,sass
fab fa-schlix,schlix
fab fa-scribd,scribd
fab fa-searchengin,searchengin
fab fa-sellcast,sellcast
fab fa-sellsy,sellsy
fab fa-servicestack,servicestack
fab fa-shirtsinbulk,shirtsinbulk
fab fa-simplybuilt,simplybuilt
fab fa-sistrix,sistrix
fab fa-skyatlas,skyatlas
fab fa-skype,skype
fab fa-slack,slack
fab fa-slack-hash,slack-hash
fab fa-slideshare,slideshare
fab fa-snapchat,snapchat
fab fa-snapchat-ghost,snapchat-ghost
fab fa-snapchat-square,snapchat-square
fab fa-soundcloud,soundcloud
fab fa-speakap,speakap
fab fa-spotify,spotify
fab fa-stack-exchange,stack-exchange
fab fa-stack-overflow,stack-overflow
fab fa-staylinked,staylinked
fab fa-steam,steam
fab fa-steam-square,steam-square
fab fa-steam-symbol,steam-symbol
fab fa-sticker-mule,sticker-mule
fab fa-strava,strava
fab fa-stripe,stripe
fab fa-stripe-s,stripe-s
fab fa-studiovinari,studiovinari
fab fa-stumbleupon,stumbleupon
fab fa-stumbleupon-circle,stumbleupon-circle
fab fa-superpowers,superpowers
fab fa-supple,supple
fab fa-telegram,telegram
fab fa-telegram-plane,telegram-plane
fab fa-tencent-weibo,tencent-weibo
fab fa-themeisle,themeisle
fab fa-trello,trello
fab fa-tripadvisor,tripadvisor
fab fa-tumblr,tumblr
fab fa-tumblr-square,tumblr-square
fab fa-twitch,twitch
fab fa-twitter,twitter
fab fa-twitter-square,twitter-square
fab fa-typo3,typo3
fab fa-uber,uber
fab fa-uikit,uikit
fab fa-uniregistry,uniregistry
fab fa-untappd,untappd
fab fa-usb,usb
fab fa-ussunnah,ussunnah
fab fa-vaadin,vaadin
fab fa-viacoin,viacoin
fab fa-viadeo,viadeo
fab fa-viadeo-square,viadeo-square
fab fa-viber,viber
fab fa-vimeo,vimeo
fab fa-vimeo-square,vimeo-square
fab fa-vimeo-v,vimeo-v
fab fa-vine,vine
fab fa-vk,vk
fab fa-vnv,vnv
fab fa-vuejs,vuejs
fab fa-weibo,weibo
fab fa-weixin,weixin
fab fa-whatsapp,whatsapp
fab fa-whatsapp-square,whatsapp-square
fab fa-whmcs,whmcs
fab fa-wikipedia-w,wikipedia-w
fab fa-windows,windows
fab fa-wordpress,wordpress
fab fa-wordpress-simple,wordpress-simple
fab fa-wpbeginner,wpbeginner
fab fa-wpexplorer,wpexplorer
fab fa-wpforms,wpforms
fab fa-xbox,xbox
fab fa-xing,xing
fab fa-xing-square,xing-square
fab fa-y-combinator,y-combinator
fab fa-yahoo,yahoo
fab fa-yandex,yandex
fab fa-yandex-international,yandex-international
fab fa-yelp,yelp
fab fa-yoast,yoast
fab fa-youtube,youtube
fab fa-youtube-square,youtube-square